"RelativePath","FileName","Extension","SizeKB","Modified","Signals"
"config\ebay.json","ebay.json",".json","4.3","2026-08-07 15:01:48","ebay"
"imports\card-ladder\Collection - Card Ladder (3).csv","Collection - Card Ladder (3).csv",".csv","20.8","2026-08-13 08:16:21","import"
"logs\ebay-golden-test-Aug-2026-07-01-15-20-11325921512.csv","ebay-golden-test-Aug-2026-07-01-15-20-11325921512.csv",".csv","1.6","2026-08-12 07:35:32","ebay"
"logs\ebay-production-Aug-2026-12-05-34-52-13320610082.csv","ebay-production-Aug-2026-12-05-34-52-13320610082.csv",".csv","21.1","2026-08-12 07:35:43","ebay"
"processed\card_ladder_prices.json","card_ladder_prices.json",".json","14","2026-08-13 08:26:45","card_ladder;price"
"processed\exports\ebay-golden-test.csv","ebay-golden-test.csv",".csv","4.6","2026-08-07 15:12:22","ebay;export"
"processed\exports\ebay-image-revisions.csv","ebay-image-revisions.csv",".csv","8.3","2026-08-12 08:01:36","image;ebay;export"
"processed\exports\ebay-listings.json","ebay-listings.json",".json","5.8","2026-08-06 10:20:27","listing;ebay;export"
"processed\exports\ebay-price-update-retry-4.csv","ebay-price-update-retry-4.csv",".csv","0.2","2026-08-13 08:41:43","ebay;price;export"
"processed\exports\ebay-price-update.csv","ebay-price-update.csv",".csv","4.2","2026-08-13 08:32:05","ebay;price;export"
"processed\exports\ebay-production.csv","ebay-production.csv",".csv","71.8","2026-08-12 07:32:07","ebay;export"
"processed\exports\ebay-upload.csv","ebay-upload.csv",".csv","5.7","2026-08-07 14:24:04","ebay;export"
"processed\listings.json","listings.json",".json","294.2","2026-08-12 08:00:48","listing"
"processed\primary_inventory.json","primary_inventory.json",".json","186.8","2026-08-12 08:00:48","primary_inventory;inventory"
"scripts\export_card_ladder.py","export_card_ladder.py",".py","4.7","2026-08-12 12:23:38","card_ladder;export"
"scripts\export_ebay_golden_test.py","export_ebay_golden_test.py",".py","9.3","2026-08-07 17:31:56","ebay;export"
"scripts\export_ebay_price_update.py","export_ebay_price_update.py",".py","5.7","2026-08-13 08:32:01","ebay;price;export"
"scripts\export_ebay_production.py","export_ebay_production.py",".py","9","2026-08-12 07:31:57","ebay;export"
"scripts\export_ebay.py","export_ebay.py",".py","2.8","2026-08-07 13:32:49","ebay;export"
"scripts\generate_ebay_listing.py","generate_ebay_listing.py",".py","12.2","2026-08-07 14:22:29","listing;ebay"
"scripts\import_card_ladder_prices.py","import_card_ladder_prices.py",".py","5.2","2026-08-13 08:25:21","card_ladder;price;import"
"scripts\publish_portal.py","publish_portal.py",".py","9.5","2026-08-08 15:57:03","publish"
"templates\eBay-edit-price-quantity-template-2026-08-13-13320845416.csv","eBay-edit-price-quantity-template-2026-08-13-13320845416.csv",".csv","19.8","2026-08-13 08:28:54","ebay;price"
"templates\ebay-price-update-Aug-2026-13-06-33-37-12338678608.csv","ebay-price-update-Aug-2026-13-06-33-37-12338678608.csv",".csv","23","2026-08-13 08:34:01","ebay;price"
"templates\ebay-price-update-retry-4-Aug-2026-13-06-41-57-11327203589.csv","ebay-price-update-retry-4-Aug-2026-13-06-41-57-11327203589.csv",".csv","1.5","2026-08-13 08:42:17","ebay;price"
"templates\ebay-template.csv","ebay-template.csv",".csv","0","2026-08-06 10:35:43","ebay"
