*Action(SiteID=US|Country=US|Currency=USD|Version=1193|CC=UTF-8),CustomLabel,*Category,*Title,*ConditionID,CD:Card Condition - (ID: 40001),*C:Sport,C:Player/Athlete,C:Manufacturer,C:Season,C:Set,C:Team,C:Autographed,C:Card Number,C:Type,C:Year Manufactured,C:Language,PicURL,*Description,*Format,*Duration,*StartPrice,*Quantity,*Location,ShippingType,ShippingService-1:Option,ShippingService-1:Cost,*DispatchTimeMax,*ReturnsAcceptedOption
Add,FBPU_0001,261328,1971 Topps Football Pin-Ups #23 Gene Washington Minnesota Vikings,4000,400012,Football,Gene Washington,Topps,1971,1971 Topps Football Pin-Ups,Minnesota Vikings,No,23,Trading Card,1971,English,https://pub-2bccab9e377e4ad8a7f475705f0aedb0.r2.dev/FBPU_0001_a.webp|https://pub-2bccab9e377e4ad8a7f475705f0aedb0.r2.dev/FBPU_0001_b.webp,<p><strong>1971 Topps Football Pin-Ups</strong></p><ul><li>Player: Gene Washington</li><li>Team: Minnesota Vikings</li><li>Card Number: 23</li></ul><p><strong>Condition Notes</strong></p><ul><li>Vertical center crease/fold line</li><li>Horizontal crease/fold line</li><li>Minor corner wear</li></ul><p>Please review all photos carefully before purchase.</p>,FixedPrice,GTC,25.00,1,"Kansas City, MO",Flat,USPSPriority,0.00,1,ReturnsNotAccepted
Add,FBPU_0002,261328,1971 Topps Football Pin-Ups #32 Larry Brown Washington Redskins,4000,400012,Football,Larry Brown,Topps,1971,1971 Topps Football Pin-Ups,Washington Redskins,No,32,Trading Card,1971,English,https://pub-2bccab9e377e4ad8a7f475705f0aedb0.r2.dev/FBPU_0002_a.webp|https://pub-2bccab9e377e4ad8a7f475705f0aedb0.r2.dev/FBPU_0002_b.webp,<p><strong>1971 Topps Football Pin-Ups</strong></p><ul><li>Player: Larry Brown</li><li>Team: Washington Redskins</li><li>Card Number: 32</li></ul><p><strong>Condition Notes</strong></p><ul><li>Vertical center crease/fold line</li><li>Staining/discoloration along top and right edge on reverse</li><li>Corner wear at bottom left</li><li>Diagonal crease line on reverse</li></ul><p>Please review all photos carefully before purchase.</p>,FixedPrice,GTC,25.00,1,"Kansas City, MO",Flat,USPSPriority,0.00,1,ReturnsNotAccepted
Add,FBPU_0003,261328,1971 Topps Football Pin-Ups #9 Jerry LeVias Houston Oilers,4000,400012,Football,Jerry LeVias,Topps,1971,1971 Topps Football Pin-Ups,Houston Oilers,No,9,Trading Card,1971,English,https://pub-2bccab9e377e4ad8a7f475705f0aedb0.r2.dev/FBPU_0003_a.webp|https://pub-2bccab9e377e4ad8a7f475705f0aedb0.r2.dev/FBPU_0003_b.webp,"<p><strong>1971 Topps Football Pin-Ups</strong></p><ul><li>Player: Jerry LeVias</li><li>Team: Houston Oilers</li><li>Card Number: 9</li></ul><p><strong>Condition Notes</strong></p><ul><li>Folded in quarters (vertical and horizontal crease lines visible)</li><li>Center crease intersection shows small notch/divot ('cupid's bow') with small puncture visible at exact center</li><li>Back shows crease lines consistent with front folds</li><li>Small paper crease/wear near top of image, upper right area</li></ul><p>Please review all photos carefully before purchase.</p>",FixedPrice,GTC,25.00,1,"Kansas City, MO",Flat,USPSPriority,0.00,1,ReturnsNotAccepted
Add,FBPU_0004,261328,1971 Topps Football Pin-Ups #9 Jerry LeVias Houston Oilers,4000,400012,Football,Jerry LeVias,Topps,1971,1971 Topps Football Pin-Ups,Houston Oilers,No,9,Trading Card,1971,English,https://pub-2bccab9e377e4ad8a7f475705f0aedb0.r2.dev/FBPU_0004_a.webp|https://pub-2bccab9e377e4ad8a7f475705f0aedb0.r2.dev/FBPU_0004_b.webp,<p><strong>1971 Topps Football Pin-Ups</strong></p><ul><li>Player: Jerry LeVias</li><li>Team: Houston Oilers</li><li>Card Number: 9</li></ul><p><strong>Condition Notes</strong></p><ul><li>Folded in quarters (vertical and horizontal crease lines visible)</li><li>Center crease intersection is a clean X-fold without notch/divot</li><li>Back shows crease lines consistent with front folds</li></ul><p>Please review all photos carefully before purchase.</p>,FixedPrice,GTC,25.00,1,"Kansas City, MO",Flat,USPSPriority,0.00,1,ReturnsNotAccepted
Add,FBPU_0005,261328,1971 Topps Football Pin-Ups #15 Jim Nance New England Patriots,4000,400012,Football,Jim Nance,Topps,1971,1971 Topps Football Pin-Ups,New England Patriots,No,15,Trading Card,1971,English,https://pub-2bccab9e377e4ad8a7f475705f0aedb0.r2.dev/FBPU_0005_a.webp|https://pub-2bccab9e377e4ad8a7f475705f0aedb0.r2.dev/FBPU_0005_b.webp,<p><strong>1971 Topps Football Pin-Ups</strong></p><ul><li>Player: Jim Nance</li><li>Team: New England Patriots</li><li>Card Number: 15</li></ul><p><strong>Condition Notes</strong></p><ul><li>Vertical center crease/fold line</li><li>Horizontal crease/fold line</li></ul><p>Please review all photos carefully before purchase.</p>,FixedPrice,GTC,25.00,1,"Kansas City, MO",Flat,USPSPriority,0.00,1,ReturnsNotAccepted
Add,FBPU_0006,261328,1971 Topps Football Pin-Ups #19 Lance Alworth Dallas Cowboys,4000,400012,Football,Lance Alworth,Topps,1971,1971 Topps Football Pin-Ups,Dallas Cowboys,No,19,Trading Card,1971,English,https://pub-2bccab9e377e4ad8a7f475705f0aedb0.r2.dev/FBPU_0006_a.webp|https://pub-2bccab9e377e4ad8a7f475705f0aedb0.r2.dev/FBPU_0006_b.webp,<p><strong>1971 Topps Football Pin-Ups</strong></p><ul><li>Player: Lance Alworth</li><li>Team: Dallas Cowboys</li><li>Card Number: 19</li></ul><p><strong>Condition Notes</strong></p><ul><li>Folded in quarters (vertical and horizontal crease lines visible)</li></ul><p>Please review all photos carefully before purchase.</p>,FixedPrice,GTC,25.00,1,"Kansas City, MO",Flat,USPSPriority,0.00,1,ReturnsNotAccepted
Add,FBPU_0007,261328,1971 Topps Football Pin-Ups #16 Bill Nelsen Cleveland Browns,4000,400012,Football,Bill Nelsen,Topps,1971,1971 Topps Football Pin-Ups,Cleveland Browns,No,16,Trading Card,1971,English,https://pub-2bccab9e377e4ad8a7f475705f0aedb0.r2.dev/FBPU_0007_a.webp|https://pub-2bccab9e377e4ad8a7f475705f0aedb0.r2.dev/FBPU_0007_b.webp,<p><strong>1971 Topps Football Pin-Ups</strong></p><ul><li>Player: Bill Nelsen</li><li>Team: Cleveland Browns</li><li>Card Number: 16</li></ul><p><strong>Condition Notes</strong></p><ul><li>Folded in quarters (vertical and horizontal crease lines visible)</li></ul><p>Please review all photos carefully before purchase.</p>,FixedPrice,GTC,25.00,1,"Kansas City, MO",Flat,USPSPriority,0.00,1,ReturnsNotAccepted
Add,FBPU_0008,261328,1971 Topps Football Pin-Ups #14 Sam Brunelli Denver Broncos,4000,400012,Football,Sam Brunelli,Topps,1971,1971 Topps Football Pin-Ups,Denver Broncos,No,14,Trading Card,1971,English,https://pub-2bccab9e377e4ad8a7f475705f0aedb0.r2.dev/FBPU_0008_a.webp|https://pub-2bccab9e377e4ad8a7f475705f0aedb0.r2.dev/FBPU_0008_b.webp,<p><strong>1971 Topps Football Pin-Ups</strong></p><ul><li>Player: Sam Brunelli</li><li>Team: Denver Broncos</li><li>Card Number: 14</li></ul><p><strong>Condition Notes</strong></p><ul><li>Folded in quarters (vertical and horizontal crease lines visible)</li></ul><p>Please review all photos carefully before purchase.</p>,FixedPrice,GTC,25.00,1,"Kansas City, MO",Flat,USPSPriority,0.00,1,ReturnsNotAccepted
Add,FBPU_0009,261328,1971 Topps Football Pin-Ups #3 Harold Jackson Philadelphia Eagles,4000,400012,Football,Harold Jackson,Topps,1971,1971 Topps Football Pin-Ups,Philadelphia Eagles,No,3,Trading Card,1971,English,https://pub-2bccab9e377e4ad8a7f475705f0aedb0.r2.dev/FBPU_0009_a.webp|https://pub-2bccab9e377e4ad8a7f475705f0aedb0.r2.dev/FBPU_0009_b.webp,<p><strong>1971 Topps Football Pin-Ups</strong></p><ul><li>Player: Harold Jackson</li><li>Team: Philadelphia Eagles</li><li>Card Number: 3</li></ul><p><strong>Condition Notes</strong></p><ul><li>Folded in quarters (vertical and horizontal crease lines visible)</li></ul><p>Please review all photos carefully before purchase.</p>,FixedPrice,GTC,25.00,1,"Kansas City, MO",Flat,USPSPriority,0.00,1,ReturnsNotAccepted
Add,FBPU_0010,261328,1971 Topps Football Pin-Ups #2 Andy Russell Pittsburgh Steelers,4000,400012,Football,Andy Russell,Topps,1971,1971 Topps Football Pin-Ups,Pittsburgh Steelers,No,2,Trading Card,1971,English,https://pub-2bccab9e377e4ad8a7f475705f0aedb0.r2.dev/FBPU_0010_a.webp|https://pub-2bccab9e377e4ad8a7f475705f0aedb0.r2.dev/FBPU_0010_b.webp,<p><strong>1971 Topps Football Pin-Ups</strong></p><ul><li>Player: Andy Russell</li><li>Team: Pittsburgh Steelers</li><li>Card Number: 2</li></ul><p><strong>Condition Notes</strong></p><ul><li>Folded in quarters (vertical and horizontal crease lines visible)</li></ul><p>Please review all photos carefully before purchase.</p>,FixedPrice,GTC,25.00,1,"Kansas City, MO",Flat,USPSPriority,0.00,1,ReturnsNotAccepted
Add,FBPU_0011,261328,1971 Topps Football Pin-Ups #2 Andy Russell Pittsburgh Steelers,4000,400012,Football,Andy Russell,Topps,1971,1971 Topps Football Pin-Ups,Pittsburgh Steelers,No,2,Trading Card,1971,English,https://pub-2bccab9e377e4ad8a7f475705f0aedb0.r2.dev/FBPU_0011_a.webp|https://pub-2bccab9e377e4ad8a7f475705f0aedb0.r2.dev/FBPU_0011_b.webp,<p><strong>1971 Topps Football Pin-Ups</strong></p><ul><li>Player: Andy Russell</li><li>Team: Pittsburgh Steelers</li><li>Card Number: 2</li></ul><p><strong>Condition Notes</strong></p><ul><li>Folded in quarters (vertical and horizontal crease lines visible)</li><li>Small white ripple/fold above right eyebrow</li></ul><p>Please review all photos carefully before purchase.</p>,FixedPrice,GTC,25.00,1,"Kansas City, MO",Flat,USPSPriority,0.00,1,ReturnsNotAccepted
Add,FBPU_0012,261328,1971 Topps Football Pin-Ups #5 Fran Tarkenton New York Giants,4000,400012,Football,Fran Tarkenton,Topps,1971,1971 Topps Football Pin-Ups,New York Giants,No,5,Trading Card,1971,English,https://pub-2bccab9e377e4ad8a7f475705f0aedb0.r2.dev/FBPU_0012_a.webp|https://pub-2bccab9e377e4ad8a7f475705f0aedb0.r2.dev/FBPU_0012_b.webp,<p><strong>1971 Topps Football Pin-Ups</strong></p><ul><li>Player: Fran Tarkenton</li><li>Team: New York Giants</li><li>Card Number: 5</li></ul><p><strong>Condition Notes</strong></p><ul><li>Multiple horizontal and vertical fold creases</li><li>Minor surface wear</li><li>Minor edge and corner wear</li></ul><p>Please review all photos carefully before purchase.</p>,FixedPrice,GTC,25.00,1,"Kansas City, MO",Flat,USPSPriority,0.00,1,ReturnsNotAccepted
Add,FBPU_0013,261328,1971 Topps Football Pin-Ups #11 Bob Hayes Dallas Cowboys,4000,400012,Football,Bob Hayes,Topps,1971,1971 Topps Football Pin-Ups,Dallas Cowboys,No,11,Trading Card,1971,English,https://pub-2bccab9e377e4ad8a7f475705f0aedb0.r2.dev/FBPU_0013_a.webp|https://pub-2bccab9e377e4ad8a7f475705f0aedb0.r2.dev/FBPU_0013_b.webp,<p><strong>1971 Topps Football Pin-Ups</strong></p><ul><li>Player: Bob Hayes</li><li>Team: Dallas Cowboys</li><li>Card Number: 11</li></ul><p><strong>Condition Notes</strong></p><ul><li>Multiple horizontal and vertical fold creases</li><li>Minor surface wear</li><li>Minor edge and corner wear</li></ul><p>Please review all photos carefully before purchase.</p>,FixedPrice,GTC,25.00,1,"Kansas City, MO",Flat,USPSPriority,0.00,1,ReturnsNotAccepted
Add,FBPU_0014,261328,1971 Topps Football Pin-Ups #8 Roman Gabriel Los Angeles Rams,4000,400012,Football,Roman Gabriel,Topps,1971,1971 Topps Football Pin-Ups,Los Angeles Rams,No,8,Trading Card,1971,English,https://pub-2bccab9e377e4ad8a7f475705f0aedb0.r2.dev/FBPU_0014_a.webp|https://pub-2bccab9e377e4ad8a7f475705f0aedb0.r2.dev/FBPU_0014_b.webp,<p><strong>1971 Topps Football Pin-Ups</strong></p><ul><li>Player: Roman Gabriel</li><li>Team: Los Angeles Rams</li><li>Card Number: 8</li></ul><p><strong>Condition Notes</strong></p><ul><li>Multiple horizontal and vertical fold creases</li><li>Minor surface wear</li><li>Minor edge and corner wear</li></ul><p>Please review all photos carefully before purchase.</p>,FixedPrice,GTC,25.00,1,"Kansas City, MO",Flat,USPSPriority,0.00,1,ReturnsNotAccepted
Add,MISC_001_B_0008_01,261328,1994 Stadium Club #0 Michael Barrow Houston Oilers,4000,400012,Football,Michael Barrow,Topps,1994,Stadium Club,Houston Oilers,No,0,Trading Card,1994,English,https://pub-2bccab9e377e4ad8a7f475705f0aedb0.r2.dev/MISC_001_B_0008_01_a.webp|https://pub-2bccab9e377e4ad8a7f475705f0aedb0.r2.dev/MISC_001_B_0008_01_b.webp,<p><strong>1994 Stadium Club</strong></p><ul><li>Player: Michael Barrow</li><li>Team: Houston Oilers</li><li>Card Number: 0</li></ul><p><strong>Condition Notes</strong></p><ul><li>Please review photos for condition.</li></ul><p>Please review all photos carefully before purchase.</p>,FixedPrice,GTC,25.00,1,"Kansas City, MO",Flat,USPSPriority,0.00,1,ReturnsNotAccepted
Add,MISC_001_B_0008_02,261328,1994 Collector's Choice Roberto Alomar; Frank Thomas Toronto Blue Jays; Chicago,4000,400012,Baseball,Roberto Alomar; Frank Thomas,Upper Deck,1994,Collector's Choice,Toronto Blue Jays; Chicago White Sox,No,,Trading Card,1994,English,https://pub-2bccab9e377e4ad8a7f475705f0aedb0.r2.dev/MISC_001_B_0008_02_a.webp|https://pub-2bccab9e377e4ad8a7f475705f0aedb0.r2.dev/MISC_001_B_0008_02_b.webp,<p><strong>1994 Collector's Choice</strong></p><ul><li>Player: Roberto Alomar; Frank Thomas</li><li>Team: Toronto Blue Jays; Chicago White Sox</li><li>Card Number: </li></ul><p><strong>Condition Notes</strong></p><ul><li>Please review photos for condition.</li></ul><p>Please review all photos carefully before purchase.</p>,FixedPrice,GTC,25.00,1,"Kansas City, MO",Flat,USPSPriority,0.00,1,ReturnsNotAccepted
Add,MISC_001_B_0009_01,261328,1994 Collector's Choice #632 Barry Bonds San Francisco Giants,4000,400012,Baseball,Barry Bonds,Upper Deck,1994,Collector's Choice,San Francisco Giants,No,632,Trading Card,1994,English,https://pub-2bccab9e377e4ad8a7f475705f0aedb0.r2.dev/MISC_001_B_0009_01_a.webp|https://pub-2bccab9e377e4ad8a7f475705f0aedb0.r2.dev/MISC_001_B_0009_01_b.webp,<p><strong>1994 Collector's Choice</strong></p><ul><li>Player: Barry Bonds</li><li>Team: San Francisco Giants</li><li>Card Number: 632</li></ul><p><strong>Condition Notes</strong></p><ul><li>Please review photos for condition.</li></ul><p>Please review all photos carefully before purchase.</p>,FixedPrice,GTC,25.00,1,"Kansas City, MO",Flat,USPSPriority,0.00,1,ReturnsNotAccepted
Add,MISC_001_B_0009_02,261328,1995 Topps #130T Lyle Mouton; Mariano Rivera Chicago White Sox; New York Yankees,4000,400012,Baseball,Lyle Mouton; Mariano Rivera,Topps,1995,Topps,Chicago White Sox; New York Yankees,No,130T,Trading Card,1995,English,https://pub-2bccab9e377e4ad8a7f475705f0aedb0.r2.dev/MISC_001_B_0009_02_a.webp|https://pub-2bccab9e377e4ad8a7f475705f0aedb0.r2.dev/MISC_001_B_0009_02_b.webp,<p><strong>1995 Topps</strong></p><ul><li>Player: Lyle Mouton; Mariano Rivera</li><li>Team: Chicago White Sox; New York Yankees</li><li>Card Number: 130T</li></ul><p><strong>Condition Notes</strong></p><ul><li>Please review photos for condition.</li></ul><p>Please review all photos carefully before purchase.</p>,FixedPrice,GTC,25.00,1,"Kansas City, MO",Flat,USPSPriority,0.00,1,ReturnsNotAccepted
Add,MISC_001_B_0010_01,261328,1994 Topps #792,4000,400012,Baseball,,Topps,1994,Topps,,No,792,Trading Card,1994,English,https://pub-2bccab9e377e4ad8a7f475705f0aedb0.r2.dev/MISC_001_B_0010_01_a.webp|https://pub-2bccab9e377e4ad8a7f475705f0aedb0.r2.dev/MISC_001_B_0010_01_b.webp,<p><strong>1994 Topps</strong></p><ul><li>Player: </li><li>Team: </li><li>Card Number: 792</li></ul><p><strong>Condition Notes</strong></p><ul><li>Please review photos for condition.</li></ul><p>Please review all photos carefully before purchase.</p>,FixedPrice,GTC,25.00,1,"Kansas City, MO",Flat,USPSPriority,0.00,1,ReturnsNotAccepted
Add,MISC_001_B_0010_02,261328,1994 Topps #791,4000,400012,Baseball,,Topps,1994,Topps,,No,791,Trading Card,1994,English,https://pub-2bccab9e377e4ad8a7f475705f0aedb0.r2.dev/MISC_001_B_0010_02_a.webp|https://pub-2bccab9e377e4ad8a7f475705f0aedb0.r2.dev/MISC_001_B_0010_02_b.webp,<p><strong>1994 Topps</strong></p><ul><li>Player: </li><li>Team: </li><li>Card Number: 791</li></ul><p><strong>Condition Notes</strong></p><ul><li>Please review photos for condition.</li></ul><p>Please review all photos carefully before purchase.</p>,FixedPrice,GTC,25.00,1,"Kansas City, MO",Flat,USPSPriority,0.00,1,ReturnsNotAccepted
Add,MISC_001_B_0011_01,261328,1994 Upper Deck Top Prospects #542 Mike Bell Texas Rangers,4000,400012,Baseball,Mike Bell,Upper Deck,1994,Upper Deck Top Prospects,Texas Rangers,No,542,Trading Card,1994,English,https://pub-2bccab9e377e4ad8a7f475705f0aedb0.r2.dev/MISC_001_B_0011_01_a.webp|https://pub-2bccab9e377e4ad8a7f475705f0aedb0.r2.dev/MISC_001_B_0011_01_b.webp,<p><strong>1994 Upper Deck Top Prospects</strong></p><ul><li>Player: Mike Bell</li><li>Team: Texas Rangers</li><li>Card Number: 542</li></ul><p><strong>Condition Notes</strong></p><ul><li>Please review photos for condition.</li></ul><p>Please review all photos carefully before purchase.</p>,FixedPrice,GTC,25.00,1,"Kansas City, MO",Flat,USPSPriority,0.00,1,ReturnsNotAccepted
Add,MISC_001_B_0011_02,261328,1994 Upper Deck Top Prospects #546 Johnny Damon Kansas City Royals,4000,400012,Baseball,Johnny Damon,Upper Deck,1994,Upper Deck Top Prospects,Kansas City Royals,No,546,Trading Card,1994,English,https://pub-2bccab9e377e4ad8a7f475705f0aedb0.r2.dev/MISC_001_B_0011_02_a.webp|https://pub-2bccab9e377e4ad8a7f475705f0aedb0.r2.dev/MISC_001_B_0011_02_b.webp,<p><strong>1994 Upper Deck Top Prospects</strong></p><ul><li>Player: Johnny Damon</li><li>Team: Kansas City Royals</li><li>Card Number: 546</li></ul><p><strong>Condition Notes</strong></p><ul><li>Please review photos for condition.</li></ul><p>Please review all photos carefully before purchase.</p>,FixedPrice,GTC,25.00,1,"Kansas City, MO",Flat,USPSPriority,0.00,1,ReturnsNotAccepted
Add,MISC_001_C_0001_01,261328,1981 Topps Baseball #700 George Brett Kansas City Royals,4000,400012,Baseball,George Brett,Topps,1981,Topps Baseball,Kansas City Royals,No,700,Trading Card,1981,English,https://pub-2bccab9e377e4ad8a7f475705f0aedb0.r2.dev/MISC_001_C_0001_01_a.webp|https://pub-2bccab9e377e4ad8a7f475705f0aedb0.r2.dev/MISC_001_C_0001_01_b.webp,<p><strong>1981 Topps Baseball</strong></p><ul><li>Player: George Brett</li><li>Team: Kansas City Royals</li><li>Card Number: 700</li></ul><p><strong>Condition Notes</strong></p><ul><li>Please review photos for condition.</li></ul><p>Please review all photos carefully before purchase.</p>,FixedPrice,GTC,25.00,1,"Kansas City, MO",Flat,USPSPriority,0.00,1,ReturnsNotAccepted
Add,MISC_001_C_0001_02,261328,1993 The Upper Deck Looss Collection #WI 22 George Brett Kansas City Royals,4000,400012,Baseball,George Brett,Upper Deck,1993,The Upper Deck Looss Collection,Kansas City Royals,No,WI 22,Trading Card,1993,English,https://pub-2bccab9e377e4ad8a7f475705f0aedb0.r2.dev/MISC_001_C_0001_02_a.webp|https://pub-2bccab9e377e4ad8a7f475705f0aedb0.r2.dev/MISC_001_C_0001_02_b.webp,<p><strong>1993 The Upper Deck Looss Collection</strong></p><ul><li>Player: George Brett</li><li>Team: Kansas City Royals</li><li>Card Number: WI 22</li></ul><p><strong>Condition Notes</strong></p><ul><li>Please review photos for condition.</li></ul><p>Please review all photos carefully before purchase.</p>,FixedPrice,GTC,25.00,1,"Kansas City, MO",Flat,USPSPriority,0.00,1,ReturnsNotAccepted
Add,T_001_A_003_237,261328,1994 Topps Baseball #237 Curtis Pride Montreal Expos,4000,400012,Baseball,Curtis Pride,Topps,1994,Topps Baseball,Montreal Expos,No,237,Trading Card,1994,English,https://pub-2bccab9e377e4ad8a7f475705f0aedb0.r2.dev/T_001_A_003_237_a.webp|https://pub-2bccab9e377e4ad8a7f475705f0aedb0.r2.dev/T_001_A_003_237_b.webp,<p><strong>1994 Topps Baseball</strong></p><ul><li>Player: Curtis Pride</li><li>Team: Montreal Expos</li><li>Card Number: 237</li></ul><p><strong>Condition Notes</strong></p><ul><li>Please review photos for condition.</li></ul><p>Please review all photos carefully before purchase.</p>,FixedPrice,GTC,25.00,1,"Kansas City, MO",Flat,USPSPriority,0.00,1,ReturnsNotAccepted
Add,T_001_A_003_389,261328,1994 Topps Baseball #389 Luis Ortiz Boston Red Sox,4000,400012,Baseball,Luis Ortiz,Topps,1994,Topps Baseball,Boston Red Sox,No,389,Trading Card,1994,English,https://pub-2bccab9e377e4ad8a7f475705f0aedb0.r2.dev/T_001_A_003_389_a.webp|https://pub-2bccab9e377e4ad8a7f475705f0aedb0.r2.dev/T_001_A_003_389_b.webp,<p><strong>1994 Topps Baseball</strong></p><ul><li>Player: Luis Ortiz</li><li>Team: Boston Red Sox</li><li>Card Number: 389</li></ul><p><strong>Condition Notes</strong></p><ul><li>Please review photos for condition.</li></ul><p>Please review all photos carefully before purchase.</p>,FixedPrice,GTC,25.00,1,"Kansas City, MO",Flat,USPSPriority,0.00,1,ReturnsNotAccepted
Add,T_001_A_003_448,261328,1994 Topps Baseball #448 Greg Pirkl Seattle Mariners,4000,400012,Baseball,Greg Pirkl,Topps,1994,Topps Baseball,Seattle Mariners,No,448,Trading Card,1994,English,https://pub-2bccab9e377e4ad8a7f475705f0aedb0.r2.dev/T_001_A_003_448_a.webp|https://pub-2bccab9e377e4ad8a7f475705f0aedb0.r2.dev/T_001_A_003_448_b.webp,<p><strong>1994 Topps Baseball</strong></p><ul><li>Player: Greg Pirkl</li><li>Team: Seattle Mariners</li><li>Card Number: 448</li></ul><p><strong>Condition Notes</strong></p><ul><li>Please review photos for condition.</li></ul><p>Please review all photos carefully before purchase.</p>,FixedPrice,GTC,25.00,1,"Kansas City, MO",Flat,USPSPriority,0.00,1,ReturnsNotAccepted
Add,T_001_A_003_527,261328,1994 Topps Baseball #527 Norberto Martin Chicago White Sox,4000,400012,Baseball,Norberto Martin,Topps,1994,Topps Baseball,Chicago White Sox,No,527,Trading Card,1994,English,https://pub-2bccab9e377e4ad8a7f475705f0aedb0.r2.dev/T_001_A_003_527_a.webp|https://pub-2bccab9e377e4ad8a7f475705f0aedb0.r2.dev/T_001_A_003_527_b.webp,<p><strong>1994 Topps Baseball</strong></p><ul><li>Player: Norberto Martin</li><li>Team: Chicago White Sox</li><li>Card Number: 527</li></ul><p><strong>Condition Notes</strong></p><ul><li>Please review photos for condition.</li></ul><p>Please review all photos carefully before purchase.</p>,FixedPrice,GTC,25.00,1,"Kansas City, MO",Flat,USPSPriority,0.00,1,ReturnsNotAccepted
Add,T_001_B_007_384,261328,1994 Topps Baseball #384 Frank Thomas Chicago White Sox,4000,400012,Baseball,Frank Thomas,Topps,1994,Topps Baseball,Chicago White Sox,No,384,Trading Card,1994,English,https://pub-2bccab9e377e4ad8a7f475705f0aedb0.r2.dev/T_001_B_007_384_a.webp|https://pub-2bccab9e377e4ad8a7f475705f0aedb0.r2.dev/T_001_B_007_384_b.webp,<p><strong>1994 Topps Baseball</strong></p><ul><li>Player: Frank Thomas</li><li>Team: Chicago White Sox</li><li>Card Number: 384</li></ul><p><strong>Condition Notes</strong></p><ul><li>Please review photos for condition.</li></ul><p>Please review all photos carefully before purchase.</p>,FixedPrice,GTC,25.00,1,"Kansas City, MO",Flat,USPSPriority,0.00,1,ReturnsNotAccepted
Add,T_001_B_007_385,261328,1994 Topps Baseball #385 Roberto Alomar Toronto Blue Jays,4000,400012,Baseball,Roberto Alomar,Topps,1994,Topps Baseball,Toronto Blue Jays,No,385,Trading Card,1994,English,https://pub-2bccab9e377e4ad8a7f475705f0aedb0.r2.dev/T_001_B_007_385_a.webp|https://pub-2bccab9e377e4ad8a7f475705f0aedb0.r2.dev/T_001_B_007_385_b.webp,<p><strong>1994 Topps Baseball</strong></p><ul><li>Player: Roberto Alomar</li><li>Team: Toronto Blue Jays</li><li>Card Number: 385</li></ul><p><strong>Condition Notes</strong></p><ul><li>Please review photos for condition.</li></ul><p>Please review all photos carefully before purchase.</p>,FixedPrice,GTC,25.00,1,"Kansas City, MO",Flat,USPSPriority,0.00,1,ReturnsNotAccepted
Add,T_001_B_007_386,261328,1994 Topps Baseball #386 Wade Boggs New York Yankees,4000,400012,Baseball,Wade Boggs,Topps,1994,Topps Baseball,New York Yankees,No,386,Trading Card,1994,English,https://pub-2bccab9e377e4ad8a7f475705f0aedb0.r2.dev/T_001_B_007_386_a.webp|https://pub-2bccab9e377e4ad8a7f475705f0aedb0.r2.dev/T_001_B_007_386_b.webp,<p><strong>1994 Topps Baseball</strong></p><ul><li>Player: Wade Boggs</li><li>Team: New York Yankees</li><li>Card Number: 386</li></ul><p><strong>Condition Notes</strong></p><ul><li>Please review photos for condition.</li></ul><p>Please review all photos carefully before purchase.</p>,FixedPrice,GTC,25.00,1,"Kansas City, MO",Flat,USPSPriority,0.00,1,ReturnsNotAccepted
Add,T_001_B_007_387,261328,1994 Topps Baseball #387 Cal Ripken Baltimore Orioles,4000,400012,Baseball,Cal Ripken,Topps,1994,Topps Baseball,Baltimore Orioles,No,387,Trading Card,1994,English,https://pub-2bccab9e377e4ad8a7f475705f0aedb0.r2.dev/T_001_B_007_387_a.webp|https://pub-2bccab9e377e4ad8a7f475705f0aedb0.r2.dev/T_001_B_007_387_b.webp,<p><strong>1994 Topps Baseball</strong></p><ul><li>Player: Cal Ripken</li><li>Team: Baltimore Orioles</li><li>Card Number: 387</li></ul><p><strong>Condition Notes</strong></p><ul><li>Please review photos for condition.</li></ul><p>Please review all photos carefully before purchase.</p>,FixedPrice,GTC,25.00,1,"Kansas City, MO",Flat,USPSPriority,0.00,1,ReturnsNotAccepted
Add,T_001_C_009_01,261328,1993 Finest #190 Edgar Martinez Seattle Mariners,4000,400012,Baseball,Edgar Martinez,Topps,1993,1993 Finest,Seattle Mariners,No,190,Trading Card,1993,English,https://pub-2bccab9e377e4ad8a7f475705f0aedb0.r2.dev/T_001_C_009_01_a.webp|https://pub-2bccab9e377e4ad8a7f475705f0aedb0.r2.dev/T_001_C_009_01_b.webp,<p><strong>1993 Finest</strong></p><ul><li>Player: Edgar Martinez</li><li>Team: Seattle Mariners</li><li>Card Number: 190</li></ul><p><strong>Condition Notes</strong></p><ul><li>Please review photos for condition.</li></ul><p>Please review all photos carefully before purchase.</p>,FixedPrice,GTC,25.00,1,"Kansas City, MO",Flat,USPSPriority,0.00,1,ReturnsNotAccepted
Add,T_001_C_009_02,261328,1993 Finest #53 Bret Saberhagen New York Mets,4000,400012,Baseball,Bret Saberhagen,Topps,1993,1993 Finest,New York Mets,No,53,Trading Card,1993,English,https://pub-2bccab9e377e4ad8a7f475705f0aedb0.r2.dev/T_001_C_009_02_a.webp|https://pub-2bccab9e377e4ad8a7f475705f0aedb0.r2.dev/T_001_C_009_02_b.webp,<p><strong>1993 Finest</strong></p><ul><li>Player: Bret Saberhagen</li><li>Team: New York Mets</li><li>Card Number: 53</li></ul><p><strong>Condition Notes</strong></p><ul><li>Please review photos for condition.</li></ul><p>Please review all photos carefully before purchase.</p>,FixedPrice,GTC,25.00,1,"Kansas City, MO",Flat,USPSPriority,0.00,1,ReturnsNotAccepted
Add,T_001_C_009_03,261328,1993 Finest #177 Len Dykstra Philadelphia Phillies,4000,400012,Baseball,Len Dykstra,Topps,1993,1993 Finest,Philadelphia Phillies,No,177,Trading Card,1993,English,https://pub-2bccab9e377e4ad8a7f475705f0aedb0.r2.dev/T_001_C_009_03_a.webp|https://pub-2bccab9e377e4ad8a7f475705f0aedb0.r2.dev/T_001_C_009_03_b.webp,<p><strong>1993 Finest</strong></p><ul><li>Player: Len Dykstra</li><li>Team: Philadelphia Phillies</li><li>Card Number: 177</li></ul><p><strong>Condition Notes</strong></p><ul><li>Please review photos for condition.</li></ul><p>Please review all photos carefully before purchase.</p>,FixedPrice,GTC,25.00,1,"Kansas City, MO",Flat,USPSPriority,0.00,1,ReturnsNotAccepted
Add,T_001_C_009_04,261328,1993 Finest #145 Jose Guzman Chicago Cubs,4000,400012,Baseball,Jose Guzman,Topps,1993,1993 Finest,Chicago Cubs,No,145,Trading Card,1993,English,https://pub-2bccab9e377e4ad8a7f475705f0aedb0.r2.dev/T_001_C_009_04_a.webp|https://pub-2bccab9e377e4ad8a7f475705f0aedb0.r2.dev/T_001_C_009_04_b.webp,<p><strong>1993 Finest</strong></p><ul><li>Player: Jose Guzman</li><li>Team: Chicago Cubs</li><li>Card Number: 145</li></ul><p><strong>Condition Notes</strong></p><ul><li>Please review photos for condition.</li></ul><p>Please review all photos carefully before purchase.</p>,FixedPrice,GTC,25.00,1,"Kansas City, MO",Flat,USPSPriority,0.00,1,ReturnsNotAccepted
Add,T_001_D_015_01,261328,1994 Topps #605 Barry Bonds San Francisco Giants,4000,400012,Baseball,Barry Bonds,Topps,1994,1994 Topps,San Francisco Giants,No,605,Trading Card,1994,English,https://pub-2bccab9e377e4ad8a7f475705f0aedb0.r2.dev/T_001_D_015_01_a.webp|https://pub-2bccab9e377e4ad8a7f475705f0aedb0.r2.dev/T_001_D_015_01_b.webp,<p><strong>1994 Topps</strong></p><ul><li>Player: Barry Bonds</li><li>Team: San Francisco Giants</li><li>Card Number: 605</li></ul><p><strong>Condition Notes</strong></p><ul><li>Please review photos for condition.</li></ul><p>Please review all photos carefully before purchase.</p>,FixedPrice,GTC,25.00,1,"Kansas City, MO",Flat,USPSPriority,0.00,1,ReturnsNotAccepted
Add,T_001_D_015_02,261328,1994 Topps #607 Kirby Puckett Minnesota Twins,4000,400012,Baseball,Kirby Puckett,Topps,1994,1994 Topps,Minnesota Twins,No,607,Trading Card,1994,English,https://pub-2bccab9e377e4ad8a7f475705f0aedb0.r2.dev/T_001_D_015_02_a.webp|https://pub-2bccab9e377e4ad8a7f475705f0aedb0.r2.dev/T_001_D_015_02_b.webp,<p><strong>1994 Topps</strong></p><ul><li>Player: Kirby Puckett</li><li>Team: Minnesota Twins</li><li>Card Number: 607</li></ul><p><strong>Condition Notes</strong></p><ul><li>Please review photos for condition.</li></ul><p>Please review all photos carefully before purchase.</p>,FixedPrice,GTC,25.00,1,"Kansas City, MO",Flat,USPSPriority,0.00,1,ReturnsNotAccepted
Add,T_001_D_015_03,261328,1994 Topps #603 Wade Boggs New York Yankees,4000,400012,Baseball,Wade Boggs,Topps,1994,1994 Topps,New York Yankees,No,603,Trading Card,1994,English,https://pub-2bccab9e377e4ad8a7f475705f0aedb0.r2.dev/T_001_D_015_03_a.webp|https://pub-2bccab9e377e4ad8a7f475705f0aedb0.r2.dev/T_001_D_015_03_b.webp,<p><strong>1994 Topps</strong></p><ul><li>Player: Wade Boggs</li><li>Team: New York Yankees</li><li>Card Number: 603</li></ul><p><strong>Condition Notes</strong></p><ul><li>Please review photos for condition.</li></ul><p>Please review all photos carefully before purchase.</p>,FixedPrice,GTC,25.00,1,"Kansas City, MO",Flat,USPSPriority,0.00,1,ReturnsNotAccepted
Add,T_001_D_015_04,261328,1994 Topps #601 Frank Thomas Chicago White Sox,4000,400012,Baseball,Frank Thomas,Topps,1994,1994 Topps,Chicago White Sox,No,601,Trading Card,1994,English,https://pub-2bccab9e377e4ad8a7f475705f0aedb0.r2.dev/T_001_D_015_04_a.webp|https://pub-2bccab9e377e4ad8a7f475705f0aedb0.r2.dev/T_001_D_015_04_b.webp,<p><strong>1994 Topps</strong></p><ul><li>Player: Frank Thomas</li><li>Team: Chicago White Sox</li><li>Card Number: 601</li></ul><p><strong>Condition Notes</strong></p><ul><li>Please review photos for condition.</li></ul><p>Please review all photos carefully before purchase.</p>,FixedPrice,GTC,25.00,1,"Kansas City, MO",Flat,USPSPriority,0.00,1,ReturnsNotAccepted
Add,T_001_E_017_01,261328,1994 Topps #251 Jose Valentin Milwaukee Brewers,4000,400012,baseball,Jose Valentin,Topps,1994,Topps,Milwaukee Brewers,No,251,Trading Card,1994,English,https://pub-2bccab9e377e4ad8a7f475705f0aedb0.r2.dev/T_001_E_017_01_a.webp|https://pub-2bccab9e377e4ad8a7f475705f0aedb0.r2.dev/T_001_E_017_01_b.webp,<p><strong>1994 Topps</strong></p><ul><li>Player: Jose Valentin</li><li>Team: Milwaukee Brewers</li><li>Card Number: 251</li></ul><p><strong>Condition Notes</strong></p><ul><li>Please review photos for condition.</li></ul><p>Please review all photos carefully before purchase.</p>,FixedPrice,GTC,25.00,1,"Kansas City, MO",Flat,USPSPriority,0.00,1,ReturnsNotAccepted
Add,T_001_E_017_02,261328,1994 Topps #356 Scott Ruffcorn Chicago White Sox,4000,400012,baseball,Scott Ruffcorn,Topps,1994,Topps,Chicago White Sox,No,356,Trading Card,1994,English,https://pub-2bccab9e377e4ad8a7f475705f0aedb0.r2.dev/T_001_E_017_02_a.webp|https://pub-2bccab9e377e4ad8a7f475705f0aedb0.r2.dev/T_001_E_017_02_b.webp,<p><strong>1994 Topps</strong></p><ul><li>Player: Scott Ruffcorn</li><li>Team: Chicago White Sox</li><li>Card Number: 356</li></ul><p><strong>Condition Notes</strong></p><ul><li>Please review photos for condition.</li></ul><p>Please review all photos carefully before purchase.</p>,FixedPrice,GTC,25.00,1,"Kansas City, MO",Flat,USPSPriority,0.00,1,ReturnsNotAccepted
Add,T_001_E_017_03,261328,1994 Topps #278 Calvin Reese Cincinnati Reds,4000,400012,baseball,Calvin Reese,Topps,1994,Topps,Cincinnati Reds,No,278,Trading Card,1994,English,https://pub-2bccab9e377e4ad8a7f475705f0aedb0.r2.dev/T_001_E_017_03_a.webp|https://pub-2bccab9e377e4ad8a7f475705f0aedb0.r2.dev/T_001_E_017_03_b.webp,<p><strong>1994 Topps</strong></p><ul><li>Player: Calvin Reese</li><li>Team: Cincinnati Reds</li><li>Card Number: 278</li></ul><p><strong>Condition Notes</strong></p><ul><li>Please review photos for condition.</li></ul><p>Please review all photos carefully before purchase.</p>,FixedPrice,GTC,25.00,1,"Kansas City, MO",Flat,USPSPriority,0.00,1,ReturnsNotAccepted
Add,T_001_E_017_04,261328,1994 Topps #341 Nigel Wilson Florida Marlins,4000,400012,baseball,Nigel Wilson,Topps,1994,Topps,Florida Marlins,No,341,Trading Card,1994,English,https://pub-2bccab9e377e4ad8a7f475705f0aedb0.r2.dev/T_001_E_017_04_a.webp|https://pub-2bccab9e377e4ad8a7f475705f0aedb0.r2.dev/T_001_E_017_04_b.webp,<p><strong>1994 Topps</strong></p><ul><li>Player: Nigel Wilson</li><li>Team: Florida Marlins</li><li>Card Number: 341</li></ul><p><strong>Condition Notes</strong></p><ul><li>Please review photos for condition.</li></ul><p>Please review all photos carefully before purchase.</p>,FixedPrice,GTC,25.00,1,"Kansas City, MO",Flat,USPSPriority,0.00,1,ReturnsNotAccepted
Add,T_001_E_018_04,261328,1994 Topps #259 Cliff Floyd Montreal Expos,4000,400012,baseball,Cliff Floyd,Topps,1994,Topps,Montreal Expos,No,259,Trading Card,1994,English,https://pub-2bccab9e377e4ad8a7f475705f0aedb0.r2.dev/T_001_E_018_04_a.webp|https://pub-2bccab9e377e4ad8a7f475705f0aedb0.r2.dev/T_001_E_018_04_b.webp,<p><strong>1994 Topps</strong></p><ul><li>Player: Cliff Floyd</li><li>Team: Montreal Expos</li><li>Card Number: 259</li></ul><p><strong>Condition Notes</strong></p><ul><li>Please review photos for condition.</li></ul><p>Please review all photos carefully before purchase.</p>,FixedPrice,GTC,25.00,1,"Kansas City, MO",Flat,USPSPriority,0.00,1,ReturnsNotAccepted
Add,T_001_E_019_01,261328,1994 Topps #329 Matt Walbeck Chicago Cubs,4000,400012,baseball,Matt Walbeck,Topps,1994,Topps,Chicago Cubs,No,329,Trading Card,1994,English,https://pub-2bccab9e377e4ad8a7f475705f0aedb0.r2.dev/T_001_E_019_01_a.webp|https://pub-2bccab9e377e4ad8a7f475705f0aedb0.r2.dev/T_001_E_019_01_b.webp,<p><strong>1994 Topps</strong></p><ul><li>Player: Matt Walbeck</li><li>Team: Chicago Cubs</li><li>Card Number: 329</li></ul><p><strong>Condition Notes</strong></p><ul><li>Please review photos for condition.</li></ul><p>Please review all photos carefully before purchase.</p>,FixedPrice,GTC,25.00,1,"Kansas City, MO",Flat,USPSPriority,0.00,1,ReturnsNotAccepted
Add,T_001_E_019_02,261328,1994 Topps #363 Eric Helfand Oakland Athletics,4000,400012,baseball,Eric Helfand,Topps,1994,Topps,Oakland Athletics,No,363,Trading Card,1994,English,https://pub-2bccab9e377e4ad8a7f475705f0aedb0.r2.dev/T_001_E_019_02_a.webp|https://pub-2bccab9e377e4ad8a7f475705f0aedb0.r2.dev/T_001_E_019_02_b.webp,<p><strong>1994 Topps</strong></p><ul><li>Player: Eric Helfand</li><li>Team: Oakland Athletics</li><li>Card Number: 363</li></ul><p><strong>Condition Notes</strong></p><ul><li>Please review photos for condition.</li></ul><p>Please review all photos carefully before purchase.</p>,FixedPrice,GTC,25.00,1,"Kansas City, MO",Flat,USPSPriority,0.00,1,ReturnsNotAccepted
Add,T_001_E_019_03,261328,1994 Topps #179 Butch Huskey New York Mets,4000,400012,Baseball,Butch Huskey,Topps,1994,Topps,New York Mets,No,179,Trading Card,1994,English,https://pub-2bccab9e377e4ad8a7f475705f0aedb0.r2.dev/T_001_E_019_03_b.webp|https://pub-2bccab9e377e4ad8a7f475705f0aedb0.r2.dev/T_001_E_019_03_a.webp,<p><strong>1994 Topps</strong></p><ul><li>Player: Butch Huskey</li><li>Team: New York Mets</li><li>Card Number: 179</li></ul><p><strong>Condition Notes</strong></p><ul><li>Please review photos for condition.</li></ul><p>Please review all photos carefully before purchase.</p>,FixedPrice,GTC,25.00,1,"Kansas City, MO",Flat,USPSPriority,0.00,1,ReturnsNotAccepted
Add,T_001_E_019_04,261328,1994 Topps #167 Tim Davis Seattle Mariners,4000,400012,Baseball,Tim Davis,Topps,1994,Topps,Seattle Mariners,No,167,Trading Card,1994,English,https://pub-2bccab9e377e4ad8a7f475705f0aedb0.r2.dev/T_001_E_019_04_b.webp|https://pub-2bccab9e377e4ad8a7f475705f0aedb0.r2.dev/T_001_E_019_04_a.webp,<p><strong>1994 Topps</strong></p><ul><li>Player: Tim Davis</li><li>Team: Seattle Mariners</li><li>Card Number: 167</li></ul><p><strong>Condition Notes</strong></p><ul><li>Please review photos for condition.</li></ul><p>Please review all photos carefully before purchase.</p>,FixedPrice,GTC,25.00,1,"Kansas City, MO",Flat,USPSPriority,0.00,1,ReturnsNotAccepted
Add,T_001_E_020_01,261328,1994 Topps #152 Ray McDavid San Diego Padres,4000,400012,Baseball,Ray McDavid,Topps,1994,Topps,San Diego Padres,No,152,Trading Card,1994,English,https://pub-2bccab9e377e4ad8a7f475705f0aedb0.r2.dev/T_001_E_020_01_b.webp|https://pub-2bccab9e377e4ad8a7f475705f0aedb0.r2.dev/T_001_E_020_01_a.webp,<p><strong>1994 Topps</strong></p><ul><li>Player: Ray McDavid</li><li>Team: San Diego Padres</li><li>Card Number: 152</li></ul><p><strong>Condition Notes</strong></p><ul><li>Please review photos for condition.</li></ul><p>Please review all photos carefully before purchase.</p>,FixedPrice,GTC,25.00,1,"Kansas City, MO",Flat,USPSPriority,0.00,1,ReturnsNotAccepted
Add,T_001_E_020_02,261328,1994 Topps #224 Danny Miceli Pittsburgh Pirates,4000,400012,Baseball,Danny Miceli,Topps,1994,Topps,Pittsburgh Pirates,No,224,Trading Card,1994,English,https://pub-2bccab9e377e4ad8a7f475705f0aedb0.r2.dev/T_001_E_020_02_b.webp|https://pub-2bccab9e377e4ad8a7f475705f0aedb0.r2.dev/T_001_E_020_02_a.webp,<p><strong>1994 Topps</strong></p><ul><li>Player: Danny Miceli</li><li>Team: Pittsburgh Pirates</li><li>Card Number: 224</li></ul><p><strong>Condition Notes</strong></p><ul><li>Please review photos for condition.</li></ul><p>Please review all photos carefully before purchase.</p>,FixedPrice,GTC,25.00,1,"Kansas City, MO",Flat,USPSPriority,0.00,1,ReturnsNotAccepted
Add,T_001_E_020_03,261328,1994 Topps #71 Rich Becker Minnesota Twins,4000,400012,Baseball,Rich Becker,Topps,1994,Topps,Minnesota Twins,No,71,Trading Card,1994,English,https://pub-2bccab9e377e4ad8a7f475705f0aedb0.r2.dev/T_001_E_020_03_b.webp|https://pub-2bccab9e377e4ad8a7f475705f0aedb0.r2.dev/T_001_E_020_03_a.webp,<p><strong>1994 Topps</strong></p><ul><li>Player: Rich Becker</li><li>Team: Minnesota Twins</li><li>Card Number: 71</li></ul><p><strong>Condition Notes</strong></p><ul><li>Please review photos for condition.</li></ul><p>Please review all photos carefully before purchase.</p>,FixedPrice,GTC,25.00,1,"Kansas City, MO",Flat,USPSPriority,0.00,1,ReturnsNotAccepted
Add,T_001_E_020_04,261328,1994 Topps #53 Billy Ashley Los Angeles Dodgers,4000,400012,Baseball,Billy Ashley,Topps,1994,Topps,Los Angeles Dodgers,No,53,Trading Card,1994,English,https://pub-2bccab9e377e4ad8a7f475705f0aedb0.r2.dev/T_001_E_020_04_b.webp|https://pub-2bccab9e377e4ad8a7f475705f0aedb0.r2.dev/T_001_E_020_04_a.webp,<p><strong>1994 Topps</strong></p><ul><li>Player: Billy Ashley</li><li>Team: Los Angeles Dodgers</li><li>Card Number: 53</li></ul><p><strong>Condition Notes</strong></p><ul><li>Please review photos for condition.</li></ul><p>Please review all photos carefully before purchase.</p>,FixedPrice,GTC,25.00,1,"Kansas City, MO",Flat,USPSPriority,0.00,1,ReturnsNotAccepted
Add,T_001_E_021_01,261328,1994 Topps #28 Tony Longmire Philadelphia Phillies,4000,400012,Baseball,Tony Longmire,Topps,1994,Topps,Philadelphia Phillies,No,28,Trading Card,1994,English,https://pub-2bccab9e377e4ad8a7f475705f0aedb0.r2.dev/T_001_E_021_01_b.webp|https://pub-2bccab9e377e4ad8a7f475705f0aedb0.r2.dev/T_001_E_021_01_a.webp,<p><strong>1994 Topps</strong></p><ul><li>Player: Tony Longmire</li><li>Team: Philadelphia Phillies</li><li>Card Number: 28</li></ul><p><strong>Condition Notes</strong></p><ul><li>Please review photos for condition.</li></ul><p>Please review all photos carefully before purchase.</p>,FixedPrice,GTC,25.00,1,"Kansas City, MO",Flat,USPSPriority,0.00,1,ReturnsNotAccepted
Add,T_001_E_021_02,261328,1994 Topps #97 Todd Jones Houston Astros,4000,400012,Baseball,Todd Jones,Topps,1994,Topps,Houston Astros,No,97,Trading Card,1994,English,https://pub-2bccab9e377e4ad8a7f475705f0aedb0.r2.dev/T_001_E_021_02_b.webp|https://pub-2bccab9e377e4ad8a7f475705f0aedb0.r2.dev/T_001_E_021_02_a.webp,<p><strong>1994 Topps</strong></p><ul><li>Player: Todd Jones</li><li>Team: Houston Astros</li><li>Card Number: 97</li></ul><p><strong>Condition Notes</strong></p><ul><li>Please review photos for condition.</li></ul><p>Please review all photos carefully before purchase.</p>,FixedPrice,GTC,25.00,1,"Kansas City, MO",Flat,USPSPriority,0.00,1,ReturnsNotAccepted
Add,T_001_E_021_03,261328,1994 Topps #67 Alex Gonzalez Toronto Blue Jays,4000,400012,Baseball,Alex Gonzalez,Topps,1994,Topps,Toronto Blue Jays,No,67,Trading Card,1994,English,https://pub-2bccab9e377e4ad8a7f475705f0aedb0.r2.dev/T_001_E_021_03_b.webp|https://pub-2bccab9e377e4ad8a7f475705f0aedb0.r2.dev/T_001_E_021_03_a.webp,<p><strong>1994 Topps</strong></p><ul><li>Player: Alex Gonzalez</li><li>Team: Toronto Blue Jays</li><li>Card Number: 67</li></ul><p><strong>Condition Notes</strong></p><ul><li>Please review photos for condition.</li></ul><p>Please review all photos carefully before purchase.</p>,FixedPrice,GTC,25.00,1,"Kansas City, MO",Flat,USPSPriority,0.00,1,ReturnsNotAccepted
Add,T_001_E_021_04,261328,1994 Topps Baseball #4 Paul Carey Baltimore Orioles,4000,400012,Baseball,Paul Carey,Topps,1994,Topps Baseball,Baltimore Orioles,No,4,Trading Card,1994,English,https://pub-2bccab9e377e4ad8a7f475705f0aedb0.r2.dev/T_001_E_021_04_a.webp|https://pub-2bccab9e377e4ad8a7f475705f0aedb0.r2.dev/T_001_E_021_04_b.webp,<p><strong>1994 Topps Baseball</strong></p><ul><li>Player: Paul Carey</li><li>Team: Baltimore Orioles</li><li>Card Number: 4</li></ul><p><strong>Condition Notes</strong></p><ul><li>Please review photos for condition.</li></ul><p>Please review all photos carefully before purchase.</p>,FixedPrice,GTC,25.00,1,"Kansas City, MO",Flat,USPSPriority,0.00,1,ReturnsNotAccepted
Add,T_001_F_023_01,261328,1994 Topps Baseball #210 Kelly Wunsch Milwaukee Brewers,4000,400012,Baseball,Kelly Wunsch,Topps,1994,Topps Baseball,Milwaukee Brewers,No,210,Trading Card,1994,English,https://pub-2bccab9e377e4ad8a7f475705f0aedb0.r2.dev/T_001_F_023_01_a.webp|https://pub-2bccab9e377e4ad8a7f475705f0aedb0.r2.dev/T_001_F_023_01_b.webp,<p><strong>1994 Topps Baseball</strong></p><ul><li>Player: Kelly Wunsch</li><li>Team: Milwaukee Brewers</li><li>Card Number: 210</li></ul><p><strong>Condition Notes</strong></p><ul><li>Please review photos for condition.</li></ul><p>Please review all photos carefully before purchase.</p>,FixedPrice,GTC,25.00,1,"Kansas City, MO",Flat,USPSPriority,0.00,1,ReturnsNotAccepted
Add,T_001_F_023_02,261328,1994 Topps Baseball #208 Andy Rice Pittsburgh Pirates,4000,400012,Baseball,Andy Rice,Topps,1994,1994 Topps Baseball,Pittsburgh Pirates,No,208,Trading Card,1994,English,https://pub-2bccab9e377e4ad8a7f475705f0aedb0.r2.dev/T_001_F_023_02_a.webp|https://pub-2bccab9e377e4ad8a7f475705f0aedb0.r2.dev/T_001_F_023_02_b.webp,<p><strong>1994 Topps Baseball</strong></p><ul><li>Player: Andy Rice</li><li>Team: Pittsburgh Pirates</li><li>Card Number: 208</li></ul><p><strong>Condition Notes</strong></p><ul><li>Please review photos for condition.</li></ul><p>Please review all photos carefully before purchase.</p>,FixedPrice,GTC,25.00,1,"Kansas City, MO",Flat,USPSPriority,0.00,1,ReturnsNotAccepted
Add,T_001_F_023_03,261328,1994 Topps Baseball #205 Brooks Kieschnick Chicago Cubs,4000,400012,Baseball,Brooks Kieschnick,Topps,1994,1994 Topps Baseball,Chicago Cubs,No,205,Trading Card,1994,English,https://pub-2bccab9e377e4ad8a7f475705f0aedb0.r2.dev/T_001_F_023_03_a.webp|https://pub-2bccab9e377e4ad8a7f475705f0aedb0.r2.dev/T_001_F_023_03_b.webp,<p><strong>1994 Topps Baseball</strong></p><ul><li>Player: Brooks Kieschnick</li><li>Team: Chicago Cubs</li><li>Card Number: 205</li></ul><p><strong>Condition Notes</strong></p><ul><li>Please review photos for condition.</li></ul><p>Please review all photos carefully before purchase.</p>,FixedPrice,GTC,25.00,1,"Kansas City, MO",Flat,USPSPriority,0.00,1,ReturnsNotAccepted
Add,T_001_F_023_04,261328,1994 Topps Baseball #206 Jeremy Lee Toronto Blue Jays,4000,400012,Baseball,Jeremy Lee,Topps,1994,1994 Topps Baseball,Toronto Blue Jays,No,206,Trading Card,1994,English,https://pub-2bccab9e377e4ad8a7f475705f0aedb0.r2.dev/T_001_F_023_04_a.webp|https://pub-2bccab9e377e4ad8a7f475705f0aedb0.r2.dev/T_001_F_023_04_b.webp,<p><strong>1994 Topps Baseball</strong></p><ul><li>Player: Jeremy Lee</li><li>Team: Toronto Blue Jays</li><li>Card Number: 206</li></ul><p><strong>Condition Notes</strong></p><ul><li>Please review photos for condition.</li></ul><p>Please review all photos carefully before purchase.</p>,FixedPrice,GTC,25.00,1,"Kansas City, MO",Flat,USPSPriority,0.00,1,ReturnsNotAccepted
Add,T_001_F_024_01,261328,1994 Topps Baseball #207 Charles Peterson Pittsburgh Pirates,4000,400012,Baseball,Charles Peterson,Topps,1994,1994 Topps Baseball,Pittsburgh Pirates,No,207,Trading Card,1994,English,https://pub-2bccab9e377e4ad8a7f475705f0aedb0.r2.dev/T_001_F_024_01_a.webp|https://pub-2bccab9e377e4ad8a7f475705f0aedb0.r2.dev/T_001_F_024_01_b.webp,<p><strong>1994 Topps Baseball</strong></p><ul><li>Player: Charles Peterson</li><li>Team: Pittsburgh Pirates</li><li>Card Number: 207</li></ul><p><strong>Condition Notes</strong></p><ul><li>Please review photos for condition.</li></ul><p>Please review all photos carefully before purchase.</p>,FixedPrice,GTC,25.00,1,"Kansas City, MO",Flat,USPSPriority,0.00,1,ReturnsNotAccepted
Add,T_001_F_024_02,261328,1994 Topps Baseball #209 Billy Wagner Houston Astros,4000,400012,Baseball,Billy Wagner,Topps,1994,1994 Topps Baseball,Houston Astros,No,209,Trading Card,1994,English,https://pub-2bccab9e377e4ad8a7f475705f0aedb0.r2.dev/T_001_F_024_02_a.webp|https://pub-2bccab9e377e4ad8a7f475705f0aedb0.r2.dev/T_001_F_024_02_b.webp,<p><strong>1994 Topps Baseball</strong></p><ul><li>Player: Billy Wagner</li><li>Team: Houston Astros</li><li>Card Number: 209</li></ul><p><strong>Condition Notes</strong></p><ul><li>Please review photos for condition.</li></ul><p>Please review all photos carefully before purchase.</p>,FixedPrice,GTC,25.00,1,"Kansas City, MO",Flat,USPSPriority,0.00,1,ReturnsNotAccepted
Add,T_001_F_024_03,261328,1994 Topps Baseball #741 Josue Estrada Montreal Expos,4000,400012,Baseball,Josue Estrada,Topps,1994,1994 Topps Baseball,Montreal Expos,No,741,Trading Card,1994,English,https://pub-2bccab9e377e4ad8a7f475705f0aedb0.r2.dev/T_001_F_024_03_a.webp|https://pub-2bccab9e377e4ad8a7f475705f0aedb0.r2.dev/T_001_F_024_03_b.webp,<p><strong>1994 Topps Baseball</strong></p><ul><li>Player: Josue Estrada</li><li>Team: Montreal Expos</li><li>Card Number: 741</li></ul><p><strong>Condition Notes</strong></p><ul><li>Please review photos for condition.</li></ul><p>Please review all photos carefully before purchase.</p>,FixedPrice,GTC,25.00,1,"Kansas City, MO",Flat,USPSPriority,0.00,1,ReturnsNotAccepted
Add,T_001_F_024_04,261328,1994 Topps Baseball #201 Mike Bell Texas Rangers,4000,400012,Baseball,Mike Bell,Topps,1994,1994 Topps Baseball,Texas Rangers,No,201,Trading Card,1994,English,https://pub-2bccab9e377e4ad8a7f475705f0aedb0.r2.dev/T_001_F_024_04_a.webp|https://pub-2bccab9e377e4ad8a7f475705f0aedb0.r2.dev/T_001_F_024_04_b.webp,<p><strong>1994 Topps Baseball</strong></p><ul><li>Player: Mike Bell</li><li>Team: Texas Rangers</li><li>Card Number: 201</li></ul><p><strong>Condition Notes</strong></p><ul><li>Please review photos for condition.</li></ul><p>Please review all photos carefully before purchase.</p>,FixedPrice,GTC,25.00,1,"Kansas City, MO",Flat,USPSPriority,0.00,1,ReturnsNotAccepted
Add,T_001_G_026_01,261328,1995 Topps Baseball #55 Edgar Martinez Seattle Mariners,4000,400012,Baseball,Edgar Martinez,Topps,1995,1995 Topps Baseball,Seattle Mariners,No,55,Trading Card,1995,English,https://pub-2bccab9e377e4ad8a7f475705f0aedb0.r2.dev/T_001_G_026_01_b.webp|https://pub-2bccab9e377e4ad8a7f475705f0aedb0.r2.dev/T_001_G_026_01_a.webp,<p><strong>1995 Topps Baseball</strong></p><ul><li>Player: Edgar Martinez</li><li>Team: Seattle Mariners</li><li>Card Number: 55</li></ul><p><strong>Condition Notes</strong></p><ul><li>Please review photos for condition.</li></ul><p>Please review all photos carefully before purchase.</p>,FixedPrice,GTC,25.00,1,"Kansas City, MO",Flat,USPSPriority,0.00,1,ReturnsNotAccepted
Add,T_001_G_026_02,261328,1995 Topps Baseball #389 Tony Gwynn San Diego Padres,4000,400012,Baseball,Tony Gwynn,Topps,1995,1995 Topps Baseball,San Diego Padres,No,389,Trading Card,1995,English,https://pub-2bccab9e377e4ad8a7f475705f0aedb0.r2.dev/T_001_G_026_02_b.webp|https://pub-2bccab9e377e4ad8a7f475705f0aedb0.r2.dev/T_001_G_026_02_a.webp,<p><strong>1995 Topps Baseball</strong></p><ul><li>Player: Tony Gwynn</li><li>Team: San Diego Padres</li><li>Card Number: 389</li></ul><p><strong>Condition Notes</strong></p><ul><li>Please review photos for condition.</li></ul><p>Please review all photos carefully before purchase.</p>,FixedPrice,GTC,25.00,1,"Kansas City, MO",Flat,USPSPriority,0.00,1,ReturnsNotAccepted
Add,T_001_G_026_03,261328,1995 Topps Baseball #80 Rafael Palmeiro Baltimore Orioles,4000,400012,Baseball,Rafael Palmeiro,Topps,1995,1995 Topps Baseball,Baltimore Orioles,No,80,Trading Card,1995,English,https://pub-2bccab9e377e4ad8a7f475705f0aedb0.r2.dev/T_001_G_026_03_b.webp|https://pub-2bccab9e377e4ad8a7f475705f0aedb0.r2.dev/T_001_G_026_03_a.webp,<p><strong>1995 Topps Baseball</strong></p><ul><li>Player: Rafael Palmeiro</li><li>Team: Baltimore Orioles</li><li>Card Number: 80</li></ul><p><strong>Condition Notes</strong></p><ul><li>Please review photos for condition.</li></ul><p>Please review all photos carefully before purchase.</p>,FixedPrice,GTC,25.00,1,"Kansas City, MO",Flat,USPSPriority,0.00,1,ReturnsNotAccepted
Add,T_001_G_026_04,261328,1995 Topps Baseball #100 Wade Boggs New York Yankees,4000,400012,Baseball,Wade Boggs,Topps,1995,1995 Topps Baseball,New York Yankees,No,100,Trading Card,1995,English,https://pub-2bccab9e377e4ad8a7f475705f0aedb0.r2.dev/T_001_G_026_04_b.webp|https://pub-2bccab9e377e4ad8a7f475705f0aedb0.r2.dev/T_001_G_026_04_a.webp,<p><strong>1995 Topps Baseball</strong></p><ul><li>Player: Wade Boggs</li><li>Team: New York Yankees</li><li>Card Number: 100</li></ul><p><strong>Condition Notes</strong></p><ul><li>Please review photos for condition.</li></ul><p>Please review all photos carefully before purchase.</p>,FixedPrice,GTC,25.00,1,"Kansas City, MO",Flat,USPSPriority,0.00,1,ReturnsNotAccepted
Add,T_001_G_027_01,261328,1995 Topps Baseball #119 Jeff Montgomery Kansas City Royals,4000,400012,Baseball,Jeff Montgomery,Topps,1995,1995 Topps Baseball,Kansas City Royals,No,119,Trading Card,1995,English,https://pub-2bccab9e377e4ad8a7f475705f0aedb0.r2.dev/T_001_G_027_01_b.webp|https://pub-2bccab9e377e4ad8a7f475705f0aedb0.r2.dev/T_001_G_027_01_a.webp,<p><strong>1995 Topps Baseball</strong></p><ul><li>Player: Jeff Montgomery</li><li>Team: Kansas City Royals</li><li>Card Number: 119</li></ul><p><strong>Condition Notes</strong></p><ul><li>Please review photos for condition.</li></ul><p>Please review all photos carefully before purchase.</p>,FixedPrice,GTC,25.00,1,"Kansas City, MO",Flat,USPSPriority,0.00,1,ReturnsNotAccepted
Add,T_001_G_027_02,261328,1995 Topps Baseball #386 Matt Williams San Francisco Giants,4000,400012,Baseball,Matt Williams,Topps,1995,1995 Topps Baseball,San Francisco Giants,No,386,Trading Card,1995,English,https://pub-2bccab9e377e4ad8a7f475705f0aedb0.r2.dev/T_001_G_027_02_b.webp|https://pub-2bccab9e377e4ad8a7f475705f0aedb0.r2.dev/T_001_G_027_02_a.webp,<p><strong>1995 Topps Baseball</strong></p><ul><li>Player: Matt Williams</li><li>Team: San Francisco Giants</li><li>Card Number: 386</li></ul><p><strong>Condition Notes</strong></p><ul><li>Please review photos for condition.</li></ul><p>Please review all photos carefully before purchase.</p>,FixedPrice,GTC,25.00,1,"Kansas City, MO",Flat,USPSPriority,0.00,1,ReturnsNotAccepted
Add,T_001_G_027_03,261328,1995 Topps Baseball #310 Ruben Sierra Oakland Athletics,4000,400012,Baseball,Ruben Sierra,Topps,1995,1995 Topps Baseball,Oakland Athletics,No,310,Trading Card,1995,English,https://pub-2bccab9e377e4ad8a7f475705f0aedb0.r2.dev/T_001_G_027_03_b.webp|https://pub-2bccab9e377e4ad8a7f475705f0aedb0.r2.dev/T_001_G_027_03_a.webp,<p><strong>1995 Topps Baseball</strong></p><ul><li>Player: Ruben Sierra</li><li>Team: Oakland Athletics</li><li>Card Number: 310</li></ul><p><strong>Condition Notes</strong></p><ul><li>Please review photos for condition.</li></ul><p>Please review all photos carefully before purchase.</p>,FixedPrice,GTC,25.00,1,"Kansas City, MO",Flat,USPSPriority,0.00,1,ReturnsNotAccepted
Add,T_001_G_027_04,261328,1994 Topps Baseball #7 Frank Thomas Chicago White Sox,4000,400012,Baseball,Frank Thomas,Topps,1994,1994 Topps Baseball,Chicago White Sox,No,7,Trading Card,1994,English,https://pub-2bccab9e377e4ad8a7f475705f0aedb0.r2.dev/T_001_G_027_04_b.webp|https://pub-2bccab9e377e4ad8a7f475705f0aedb0.r2.dev/T_001_G_027_04_a.webp,<p><strong>1994 Topps Baseball</strong></p><ul><li>Player: Frank Thomas</li><li>Team: Chicago White Sox</li><li>Card Number: 7</li></ul><p><strong>Condition Notes</strong></p><ul><li>Please review photos for condition.</li></ul><p>Please review all photos carefully before purchase.</p>,FixedPrice,GTC,25.00,1,"Kansas City, MO",Flat,USPSPriority,0.00,1,ReturnsNotAccepted
Add,T_001_H_028_01,261328,1994 Topps Baseball #767 Jerry DiPoto Cleveland Indians,4000,400012,Baseball,Jerry DiPoto,Topps,1994,1994 Topps Baseball,Cleveland Indians,No,767,Trading Card,1994,English,https://pub-2bccab9e377e4ad8a7f475705f0aedb0.r2.dev/T_001_H_028_01_a.webp|https://pub-2bccab9e377e4ad8a7f475705f0aedb0.r2.dev/T_001_H_028_01_b.webp,<p><strong>1994 Topps Baseball</strong></p><ul><li>Player: Jerry DiPoto</li><li>Team: Cleveland Indians</li><li>Card Number: 767</li></ul><p><strong>Condition Notes</strong></p><ul><li>Please review photos for condition.</li></ul><p>Please review all photos carefully before purchase.</p>,FixedPrice,GTC,25.00,1,"Kansas City, MO",Flat,USPSPriority,0.00,1,ReturnsNotAccepted
Add,T_001_H_028_02,261328,1994 Topps Baseball #765 Mark Holzemer California Angels,4000,400012,Baseball,Mark Holzemer,Topps,1994,1994 Topps Baseball,California Angels,No,765,Trading Card,1994,English,https://pub-2bccab9e377e4ad8a7f475705f0aedb0.r2.dev/T_001_H_028_02_a.webp|https://pub-2bccab9e377e4ad8a7f475705f0aedb0.r2.dev/T_001_H_028_02_b.webp,<p><strong>1994 Topps Baseball</strong></p><ul><li>Player: Mark Holzemer</li><li>Team: California Angels</li><li>Card Number: 765</li></ul><p><strong>Condition Notes</strong></p><ul><li>Please review photos for condition.</li></ul><p>Please review all photos carefully before purchase.</p>,FixedPrice,GTC,25.00,1,"Kansas City, MO",Flat,USPSPriority,0.00,1,ReturnsNotAccepted
Add,T_001_H_028_03,261328,1994 Topps Baseball #766 James Baldwin Chicago White Sox,4000,400012,Baseball,James Baldwin,Topps,1994,1994 Topps Baseball,Chicago White Sox,No,766,Trading Card,1994,English,https://pub-2bccab9e377e4ad8a7f475705f0aedb0.r2.dev/T_001_H_028_03_a.webp|https://pub-2bccab9e377e4ad8a7f475705f0aedb0.r2.dev/T_001_H_028_03_b.webp,<p><strong>1994 Topps Baseball</strong></p><ul><li>Player: James Baldwin</li><li>Team: Chicago White Sox</li><li>Card Number: 766</li></ul><p><strong>Condition Notes</strong></p><ul><li>Please review photos for condition.</li></ul><p>Please review all photos carefully before purchase.</p>,FixedPrice,GTC,25.00,1,"Kansas City, MO",Flat,USPSPriority,0.00,1,ReturnsNotAccepted
Add,T_001_H_028_04,261328,1994 Topps Baseball #777 Chipper Jones Atlanta Braves,4000,400012,Baseball,Chipper Jones,Topps,1994,1994 Topps Baseball,Atlanta Braves,No,777,Trading Card,1994,English,https://pub-2bccab9e377e4ad8a7f475705f0aedb0.r2.dev/T_001_H_028_04_a.webp|https://pub-2bccab9e377e4ad8a7f475705f0aedb0.r2.dev/T_001_H_028_04_b.webp,<p><strong>1994 Topps Baseball</strong></p><ul><li>Player: Chipper Jones</li><li>Team: Atlanta Braves</li><li>Card Number: 777</li></ul><p><strong>Condition Notes</strong></p><ul><li>Please review photos for condition.</li></ul><p>Please review all photos carefully before purchase.</p>,FixedPrice,GTC,25.00,1,"Kansas City, MO",Flat,USPSPriority,0.00,1,ReturnsNotAccepted
Add,T_001_H_029_01,261328,1994 Topps Baseball #768 Danny Bautista Detroit Tigers,4000,400012,Baseball,Danny Bautista,Topps,1994,1994 Topps Baseball,Detroit Tigers,No,768,Trading Card,1994,English,https://pub-2bccab9e377e4ad8a7f475705f0aedb0.r2.dev/T_001_H_029_01_a.webp|https://pub-2bccab9e377e4ad8a7f475705f0aedb0.r2.dev/T_001_H_029_01_b.webp,<p><strong>1994 Topps Baseball</strong></p><ul><li>Player: Danny Bautista</li><li>Team: Detroit Tigers</li><li>Card Number: 768</li></ul><p><strong>Condition Notes</strong></p><ul><li>Please review photos for condition.</li></ul><p>Please review all photos carefully before purchase.</p>,FixedPrice,GTC,25.00,1,"Kansas City, MO",Flat,USPSPriority,0.00,1,ReturnsNotAccepted
Add,T_001_H_029_02,261328,1994 Topps Baseball #769 Bob Hamelin Kansas City Royals,4000,400012,Baseball,Bob Hamelin,Topps,1994,1994 Topps Baseball,Kansas City Royals,No,769,Trading Card,1994,English,https://pub-2bccab9e377e4ad8a7f475705f0aedb0.r2.dev/T_001_H_029_02_a.webp|https://pub-2bccab9e377e4ad8a7f475705f0aedb0.r2.dev/T_001_H_029_02_b.webp,<p><strong>1994 Topps Baseball</strong></p><ul><li>Player: Bob Hamelin</li><li>Team: Kansas City Royals</li><li>Card Number: 769</li></ul><p><strong>Condition Notes</strong></p><ul><li>Please review photos for condition.</li></ul><p>Please review all photos carefully before purchase.</p>,FixedPrice,GTC,25.00,1,"Kansas City, MO",Flat,USPSPriority,0.00,1,ReturnsNotAccepted
Add,T_001_H_029_03,261328,1994 Topps Baseball #770 Mark Kiefer Milwaukee Brewers,4000,400012,Baseball,Mark Kiefer,Topps,1994,1994 Topps Baseball,Milwaukee Brewers,No,770,Trading Card,1994,English,https://pub-2bccab9e377e4ad8a7f475705f0aedb0.r2.dev/T_001_H_029_03_a.webp|https://pub-2bccab9e377e4ad8a7f475705f0aedb0.r2.dev/T_001_H_029_03_b.webp,<p><strong>1994 Topps Baseball</strong></p><ul><li>Player: Mark Kiefer</li><li>Team: Milwaukee Brewers</li><li>Card Number: 770</li></ul><p><strong>Condition Notes</strong></p><ul><li>Please review photos for condition.</li></ul><p>Please review all photos carefully before purchase.</p>,FixedPrice,GTC,25.00,1,"Kansas City, MO",Flat,USPSPriority,0.00,1,ReturnsNotAccepted
Add,T_001_H_029_04,261328,1994 Topps Baseball #773 Kurt Abbott Oakland Athletics,4000,400012,Baseball,Kurt Abbott,Topps,1994,1994 Topps Baseball,Oakland Athletics,No,773,Trading Card,1994,English,https://pub-2bccab9e377e4ad8a7f475705f0aedb0.r2.dev/T_001_H_029_04_a.webp|https://pub-2bccab9e377e4ad8a7f475705f0aedb0.r2.dev/T_001_H_029_04_b.webp,<p><strong>1994 Topps Baseball</strong></p><ul><li>Player: Kurt Abbott</li><li>Team: Oakland Athletics</li><li>Card Number: 773</li></ul><p><strong>Condition Notes</strong></p><ul><li>Please review photos for condition.</li></ul><p>Please review all photos carefully before purchase.</p>,FixedPrice,GTC,25.00,1,"Kansas City, MO",Flat,USPSPriority,0.00,1,ReturnsNotAccepted
Add,T_001_H_030_01,261328,1994 Topps Baseball #771 Denny Hocking Minnesota Twins,4000,400012,Baseball,Denny Hocking,Topps,1994,1994 Topps Baseball,Minnesota Twins,No,771,Trading Card,1994,English,https://pub-2bccab9e377e4ad8a7f475705f0aedb0.r2.dev/T_001_H_030_01_a.webp|https://pub-2bccab9e377e4ad8a7f475705f0aedb0.r2.dev/T_001_H_030_01_b.webp,<p><strong>1994 Topps Baseball</strong></p><ul><li>Player: Denny Hocking</li><li>Team: Minnesota Twins</li><li>Card Number: 771</li></ul><p><strong>Condition Notes</strong></p><ul><li>Please review photos for condition.</li></ul><p>Please review all photos carefully before purchase.</p>,FixedPrice,GTC,25.00,1,"Kansas City, MO",Flat,USPSPriority,0.00,1,ReturnsNotAccepted
Add,T_001_H_030_02,261328,1994 Topps Baseball #790 Rikkert Faneyte San Francisco Giants,4000,400012,Baseball,Rikkert Faneyte,Topps,1994,1994 Topps Baseball,San Francisco Giants,No,790,Trading Card,1994,English,https://pub-2bccab9e377e4ad8a7f475705f0aedb0.r2.dev/T_001_H_030_02_a.webp|https://pub-2bccab9e377e4ad8a7f475705f0aedb0.r2.dev/T_001_H_030_02_b.webp,<p><strong>1994 Topps Baseball</strong></p><ul><li>Player: Rikkert Faneyte</li><li>Team: San Francisco Giants</li><li>Card Number: 790</li></ul><p><strong>Condition Notes</strong></p><ul><li>Please review photos for condition.</li></ul><p>Please review all photos carefully before purchase.</p>,FixedPrice,GTC,25.00,1,"Kansas City, MO",Flat,USPSPriority,0.00,1,ReturnsNotAccepted
Add,T_001_H_030_03,261328,1994 Topps Baseball #764 Cory Bailey Boston Red Sox,4000,400012,Baseball,Cory Bailey,Topps,1994,1994 Topps Baseball,Boston Red Sox,No,764,Trading Card,1994,English,https://pub-2bccab9e377e4ad8a7f475705f0aedb0.r2.dev/T_001_H_030_03_b.webp,<p><strong>1994 Topps Baseball</strong></p><ul><li>Player: Cory Bailey</li><li>Team: Boston Red Sox</li><li>Card Number: 764</li></ul><p><strong>Condition Notes</strong></p><ul><li>Please review photos for condition.</li></ul><p>Please review all photos carefully before purchase.</p>,FixedPrice,GTC,25.00,1,"Kansas City, MO",Flat,USPSPriority,0.00,1,ReturnsNotAccepted
Add,T_001_H_030_04,261328,1994 Topps Baseball #772 Russ Davis New York Yankees,4000,400012,Baseball,Russ Davis,Topps,1994,1994 Topps Baseball,New York Yankees,No,772,Trading Card,1994,English,https://pub-2bccab9e377e4ad8a7f475705f0aedb0.r2.dev/T_001_H_030_04_a.webp|https://pub-2bccab9e377e4ad8a7f475705f0aedb0.r2.dev/T_001_H_030_04_b.webp,<p><strong>1994 Topps Baseball</strong></p><ul><li>Player: Russ Davis</li><li>Team: New York Yankees</li><li>Card Number: 772</li></ul><p><strong>Condition Notes</strong></p><ul><li>Please review photos for condition.</li></ul><p>Please review all photos carefully before purchase.</p>,FixedPrice,GTC,25.00,1,"Kansas City, MO",Flat,USPSPriority,0.00,1,ReturnsNotAccepted
Add,T_001_H_031_01,261328,1994 Topps Baseball #787 Rich Aude Pittsburgh Pirates,4000,400012,Baseball,Rich Aude,Topps,1994,1994 Topps Baseball,Pittsburgh Pirates,No,787,Trading Card,1994,English,https://pub-2bccab9e377e4ad8a7f475705f0aedb0.r2.dev/T_001_H_031_01_a.webp|https://pub-2bccab9e377e4ad8a7f475705f0aedb0.r2.dev/T_001_H_031_01_b.webp,<p><strong>1994 Topps Baseball</strong></p><ul><li>Player: Rich Aude</li><li>Team: Pittsburgh Pirates</li><li>Card Number: 787</li></ul><p><strong>Condition Notes</strong></p><ul><li>Please review photos for condition.</li></ul><p>Please review all photos carefully before purchase.</p>,FixedPrice,GTC,25.00,1,"Kansas City, MO",Flat,USPSPriority,0.00,1,ReturnsNotAccepted
Add,T_001_H_031_02,261328,1994 Topps Baseball #789 Brian Johnson San Diego Padres,4000,400012,Baseball,Brian Johnson,Topps,1994,1994 Topps Baseball,San Diego Padres,No,789,Trading Card,1994,English,https://pub-2bccab9e377e4ad8a7f475705f0aedb0.r2.dev/T_001_H_031_02_a.webp|https://pub-2bccab9e377e4ad8a7f475705f0aedb0.r2.dev/T_001_H_031_02_b.webp,<p><strong>1994 Topps Baseball</strong></p><ul><li>Player: Brian Johnson</li><li>Team: San Diego Padres</li><li>Card Number: 789</li></ul><p><strong>Condition Notes</strong></p><ul><li>Please review photos for condition.</li></ul><p>Please review all photos carefully before purchase.</p>,FixedPrice,GTC,25.00,1,"Kansas City, MO",Flat,USPSPriority,0.00,1,ReturnsNotAccepted
Add,T_001_H_031_03,261328,1994 Topps Baseball #786 Kevin Foster Philadelphia Phillies,4000,400012,Baseball,Kevin Foster,Topps,1994,1994 Topps Baseball,Philadelphia Phillies,No,786,Trading Card,1994,English,https://pub-2bccab9e377e4ad8a7f475705f0aedb0.r2.dev/T_001_H_031_03_a.webp|https://pub-2bccab9e377e4ad8a7f475705f0aedb0.r2.dev/T_001_H_031_03_b.webp,<p><strong>1994 Topps Baseball</strong></p><ul><li>Player: Kevin Foster</li><li>Team: Philadelphia Phillies</li><li>Card Number: 786</li></ul><p><strong>Condition Notes</strong></p><ul><li>Please review photos for condition.</li></ul><p>Please review all photos carefully before purchase.</p>,FixedPrice,GTC,25.00,1,"Kansas City, MO",Flat,USPSPriority,0.00,1,ReturnsNotAccepted
Add,T_001_H_031_04,261328,1994 Topps Baseball #788 Brian Barber St. Louis Cardinals,4000,400012,Baseball,Brian Barber,Topps,1994,1994 Topps Baseball,St. Louis Cardinals,No,788,Trading Card,1994,English,https://pub-2bccab9e377e4ad8a7f475705f0aedb0.r2.dev/T_001_H_031_04_a.webp|https://pub-2bccab9e377e4ad8a7f475705f0aedb0.r2.dev/T_001_H_031_04_b.webp,<p><strong>1994 Topps Baseball</strong></p><ul><li>Player: Brian Barber</li><li>Team: St. Louis Cardinals</li><li>Card Number: 788</li></ul><p><strong>Condition Notes</strong></p><ul><li>Please review photos for condition.</li></ul><p>Please review all photos carefully before purchase.</p>,FixedPrice,GTC,25.00,1,"Kansas City, MO",Flat,USPSPriority,0.00,1,ReturnsNotAccepted
Add,T_001_H_032_01,261328,1994 Topps Baseball Johnny Ruffin Cincinnati Reds,4000,400012,Baseball,Johnny Ruffin,Topps,1994,1994 Topps Baseball,Cincinnati Reds,No,,Trading Card,1994,English,https://pub-2bccab9e377e4ad8a7f475705f0aedb0.r2.dev/T_001_H_032_01_a.webp|https://pub-2bccab9e377e4ad8a7f475705f0aedb0.r2.dev/T_001_H_032_01_b.webp,<p><strong>1994 Topps Baseball</strong></p><ul><li>Player: Johnny Ruffin</li><li>Team: Cincinnati Reds</li><li>Card Number: </li></ul><p><strong>Condition Notes</strong></p><ul><li>Please review photos for condition.</li></ul><p>Please review all photos carefully before purchase.</p>,FixedPrice,GTC,25.00,1,"Kansas City, MO",Flat,USPSPriority,0.00,1,ReturnsNotAccepted
Add,T_001_H_032_02,261328,1994 Topps Baseball #775 Jon Shave Texas Rangers,4000,400012,Baseball,Jon Shave,Topps,1994,1994 Topps Baseball,Texas Rangers,No,775,Trading Card,1994,English,https://pub-2bccab9e377e4ad8a7f475705f0aedb0.r2.dev/T_001_H_032_02_a.webp|https://pub-2bccab9e377e4ad8a7f475705f0aedb0.r2.dev/T_001_H_032_02_b.webp,<p><strong>1994 Topps Baseball</strong></p><ul><li>Player: Jon Shave</li><li>Team: Texas Rangers</li><li>Card Number: 775</li></ul><p><strong>Condition Notes</strong></p><ul><li>Please review photos for condition.</li></ul><p>Please review all photos carefully before purchase.</p>,FixedPrice,GTC,25.00,1,"Kansas City, MO",Flat,USPSPriority,0.00,1,ReturnsNotAccepted
Add,T_001_H_032_03,261328,1994 Topps Baseball #774 Kevin King Seattle Mariners,4000,400012,Baseball,Kevin King,Topps,1994,1994 Topps Baseball,Seattle Mariners,No,774,Trading Card,1994,English,https://pub-2bccab9e377e4ad8a7f475705f0aedb0.r2.dev/T_001_H_032_03_a.webp|https://pub-2bccab9e377e4ad8a7f475705f0aedb0.r2.dev/T_001_H_032_03_b.webp,<p><strong>1994 Topps Baseball</strong></p><ul><li>Player: Kevin King</li><li>Team: Seattle Mariners</li><li>Card Number: 774</li></ul><p><strong>Condition Notes</strong></p><ul><li>Please review photos for condition.</li></ul><p>Please review all photos carefully before purchase.</p>,FixedPrice,GTC,25.00,1,"Kansas City, MO",Flat,USPSPriority,0.00,1,ReturnsNotAccepted
Add,T_001_H_032_04,261328,1994 Topps Baseball #763 John O'Donoghue Baltimore Orioles,4000,400012,Baseball,John O'Donoghue,Topps,1994,1994 Topps Baseball,Baltimore Orioles,No,763,Trading Card,1994,English,https://pub-2bccab9e377e4ad8a7f475705f0aedb0.r2.dev/T_001_H_032_04_a.webp|https://pub-2bccab9e377e4ad8a7f475705f0aedb0.r2.dev/T_001_H_032_04_b.webp,<p><strong>1994 Topps Baseball</strong></p><ul><li>Player: John O'Donoghue</li><li>Team: Baltimore Orioles</li><li>Card Number: 763</li></ul><p><strong>Condition Notes</strong></p><ul><li>Please review photos for condition.</li></ul><p>Please review all photos carefully before purchase.</p>,FixedPrice,GTC,25.00,1,"Kansas City, MO",Flat,USPSPriority,0.00,1,ReturnsNotAccepted
Add,T_001_H_033_01,261328,1994 Topps Baseball #784 Gabe White Montreal Expos,4000,400012,Baseball,Gabe White,Topps,1994,1994 Topps Baseball,Montreal Expos,No,784,Trading Card,1994,English,https://pub-2bccab9e377e4ad8a7f475705f0aedb0.r2.dev/T_001_H_033_01_a.webp|https://pub-2bccab9e377e4ad8a7f475705f0aedb0.r2.dev/T_001_H_033_01_b.webp,<p><strong>1994 Topps Baseball</strong></p><ul><li>Player: Gabe White</li><li>Team: Montreal Expos</li><li>Card Number: 784</li></ul><p><strong>Condition Notes</strong></p><ul><li>Please review photos for condition.</li></ul><p>Please review all photos carefully before purchase.</p>,FixedPrice,GTC,25.00,1,"Kansas City, MO",Flat,USPSPriority,0.00,1,ReturnsNotAccepted
Add,T_001_H_033_02,261328,1994 Topps Baseball #782 Gary Mota Houston Astros,4000,400012,Baseball,Gary Mota,Topps,1994,1994 Topps Baseball,Houston Astros,No,782,Trading Card,1994,English,https://pub-2bccab9e377e4ad8a7f475705f0aedb0.r2.dev/T_001_H_033_02_a.webp|https://pub-2bccab9e377e4ad8a7f475705f0aedb0.r2.dev/T_001_H_033_02_b.webp,<p><strong>1994 Topps Baseball</strong></p><ul><li>Player: Gary Mota</li><li>Team: Houston Astros</li><li>Card Number: 782</li></ul><p><strong>Condition Notes</strong></p><ul><li>Please review photos for condition.</li></ul><p>Please review all photos carefully before purchase.</p>,FixedPrice,GTC,25.00,1,"Kansas City, MO",Flat,USPSPriority,0.00,1,ReturnsNotAccepted
Add,T_001_H_033_03,261328,1994 Topps Baseball #783 Raul Mondesi Los Angeles Dodgers,4000,400012,Baseball,Raul Mondesi,Topps,1994,1994 Topps Baseball,Los Angeles Dodgers,No,783,Trading Card,1994,English,https://pub-2bccab9e377e4ad8a7f475705f0aedb0.r2.dev/T_001_H_033_03_a.webp|https://pub-2bccab9e377e4ad8a7f475705f0aedb0.r2.dev/T_001_H_033_03_b.webp,<p><strong>1994 Topps Baseball</strong></p><ul><li>Player: Raul Mondesi</li><li>Team: Los Angeles Dodgers</li><li>Card Number: 783</li></ul><p><strong>Condition Notes</strong></p><ul><li>Please review photos for condition.</li></ul><p>Please review all photos carefully before purchase.</p>,FixedPrice,GTC,25.00,1,"Kansas City, MO",Flat,USPSPriority,0.00,1,ReturnsNotAccepted
Add,T_001_H_033_04,261328,1994 Topps Baseball #781 Carl Everett Florida Marlins,4000,400012,Baseball,Carl Everett,Topps,1994,1994 Topps Baseball,Florida Marlins,No,781,Trading Card,1994,English,https://pub-2bccab9e377e4ad8a7f475705f0aedb0.r2.dev/T_001_H_033_04_a.webp|https://pub-2bccab9e377e4ad8a7f475705f0aedb0.r2.dev/T_001_H_033_04_b.webp,<p><strong>1994 Topps Baseball</strong></p><ul><li>Player: Carl Everett</li><li>Team: Florida Marlins</li><li>Card Number: 781</li></ul><p><strong>Condition Notes</strong></p><ul><li>Please review photos for condition.</li></ul><p>Please review all photos carefully before purchase.</p>,FixedPrice,GTC,25.00,1,"Kansas City, MO",Flat,USPSPriority,0.00,1,ReturnsNotAccepted
Add,T_001_H_034_01,261328,1994 Topps Baseball #785 Brook Fordyce New York Mets,4000,400012,Baseball,Brook Fordyce,Topps,1994,1994 Topps Baseball,New York Mets,No,785,Trading Card,1994,English,https://pub-2bccab9e377e4ad8a7f475705f0aedb0.r2.dev/T_001_H_034_01_a.webp|https://pub-2bccab9e377e4ad8a7f475705f0aedb0.r2.dev/T_001_H_034_01_b.webp,<p><strong>1994 Topps Baseball</strong></p><ul><li>Player: Brook Fordyce</li><li>Team: New York Mets</li><li>Card Number: 785</li></ul><p><strong>Condition Notes</strong></p><ul><li>Please review photos for condition.</li></ul><p>Please review all photos carefully before purchase.</p>,FixedPrice,GTC,25.00,1,"Kansas City, MO",Flat,USPSPriority,0.00,1,ReturnsNotAccepted
Add,T_001_H_034_02,261328,1994 Topps Baseball #776 Domingo Cedeno Toronto Blue Jays,4000,400012,Baseball,Domingo Cedeno,Topps,1994,1994 Topps Baseball,Toronto Blue Jays,No,776,Trading Card,1994,English,https://pub-2bccab9e377e4ad8a7f475705f0aedb0.r2.dev/T_001_H_034_02_a.webp|https://pub-2bccab9e377e4ad8a7f475705f0aedb0.r2.dev/T_001_H_034_02_b.webp,<p><strong>1994 Topps Baseball</strong></p><ul><li>Player: Domingo Cedeno</li><li>Team: Toronto Blue Jays</li><li>Card Number: 776</li></ul><p><strong>Condition Notes</strong></p><ul><li>Please review photos for condition.</li></ul><p>Please review all photos carefully before purchase.</p>,FixedPrice,GTC,25.00,1,"Kansas City, MO",Flat,USPSPriority,0.00,1,ReturnsNotAccepted
Add,T_001_H_034_03,261328,1994 Topps Baseball #778 Steve Trachsel Chicago Cubs,4000,400012,Baseball,Steve Trachsel,Topps,1994,1994 Topps Baseball,Chicago Cubs,No,778,Trading Card,1994,English,https://pub-2bccab9e377e4ad8a7f475705f0aedb0.r2.dev/T_001_H_034_03_a.webp|https://pub-2bccab9e377e4ad8a7f475705f0aedb0.r2.dev/T_001_H_034_03_b.webp,<p><strong>1994 Topps Baseball</strong></p><ul><li>Player: Steve Trachsel</li><li>Team: Chicago Cubs</li><li>Card Number: 778</li></ul><p><strong>Condition Notes</strong></p><ul><li>Please review photos for condition.</li></ul><p>Please review all photos carefully before purchase.</p>,FixedPrice,GTC,25.00,1,"Kansas City, MO",Flat,USPSPriority,0.00,1,ReturnsNotAccepted
Add,T_001_H_034_04,261328,1994 Topps Baseball #780 Jason Bates Colorado Rockies,4000,400012,Baseball,Jason Bates,Topps,1994,1994 Topps Baseball,Colorado Rockies,No,780,Trading Card,1994,English,https://pub-2bccab9e377e4ad8a7f475705f0aedb0.r2.dev/T_001_H_034_04_a.webp|https://pub-2bccab9e377e4ad8a7f475705f0aedb0.r2.dev/T_001_H_034_04_b.webp,<p><strong>1994 Topps Baseball</strong></p><ul><li>Player: Jason Bates</li><li>Team: Colorado Rockies</li><li>Card Number: 780</li></ul><p><strong>Condition Notes</strong></p><ul><li>Please review photos for condition.</li></ul><p>Please review all photos carefully before purchase.</p>,FixedPrice,GTC,25.00,1,"Kansas City, MO",Flat,USPSPriority,0.00,1,ReturnsNotAccepted
