Action,Item number,Start price,Custom label (SKU)
Revise,336738712522,15.31,FBPU_0001
Revise,336738712551,13.96,FBPU_0002
Revise,336738712514,13.07,FBPU_0003
Revise,336738712555,13.07,FBPU_0004
Revise,336738712516,17.05,FBPU_0005
Revise,336738712548,13.87,FBPU_0006
Revise,336738712537,13.44,FBPU_0007
Revise,336738712560,14.05,FBPU_0008
Revise,336738712526,11.19,FBPU_0009
Revise,336738712517,14.84,FBPU_0010
Revise,336738712571,14.84,FBPU_0011
Revise,336738712566,11.68,FBPU_0012
Revise,336738712616,14.02,FBPU_0013
Revise,336738712569,15.36,FBPU_0014
Revise,336738712552,12.29,MISC_001_B_0008_01
Revise,336738712528,10.66,MISC_001_B_0008_02
Revise,336738712586,12.86,MISC_001_B_0009_01
Revise,336738712600,13.64,MISC_001_B_0009_02
Revise,336738712567,14.83,MISC_001_B_0010_01
Revise,336738712519,11.46,MISC_001_B_0010_02
Revise,336738712559,12.71,MISC_001_B_0011_01
Revise,336738712557,11.06,MISC_001_B_0011_02
Revise,336738712545,11.23,MISC_001_C_0001_01
Revise,336738712544,12.47,MISC_001_C_0001_02
Revise,336738712563,12.34,T_001_A_003_237
Revise,336738712599,10.82,T_001_A_003_389
Revise,336738712550,11.59,T_001_A_003_448
Revise,336738712572,13.14,T_001_A_003_527
Revise,336738712556,10.49,T_001_B_007_384
Revise,336738712521,11.24,T_001_B_007_385
Revise,336738712584,11.07,T_001_B_007_386
Revise,336738712538,11.15,T_001_B_007_387
Revise,336738712576,12.06,T_001_C_009_01
Revise,336738712553,573.94,T_001_C_009_02
Revise,336738712575,10.99,T_001_C_009_03
Revise,336738712585,56.89,T_001_C_009_04
Revise,336738712523,11.15,T_001_D_015_01
Revise,336738712530,72.12,T_001_D_015_02
Revise,336738712613,11.58,T_001_D_015_03
Revise,336738712532,32.54,T_001_D_015_04
Revise,336738712568,11.84,T_001_E_017_01
Revise,336738712513,11.31,T_001_E_017_02
Revise,336738712518,13.62,T_001_E_017_03
Revise,336738712594,12.29,T_001_E_017_04
Revise,336738712525,13.91,T_001_E_018_04
Revise,336738712590,11.85,T_001_E_019_01
Revise,336738712570,11.56,T_001_E_019_02
Revise,336738712580,11.54,T_001_E_019_03
Revise,336738712547,11.64,T_001_E_019_04
Revise,336738712546,10.01,T_001_E_020_01
Revise,336738712574,12.00,T_001_E_020_02
Revise,336738712536,11.04,T_001_E_020_03
Revise,336738712561,11.46,T_001_E_020_04
Revise,336738712549,32.66,T_001_E_021_01
Revise,336738712527,12.96,T_001_E_021_02
Revise,336738712515,11.70,T_001_E_021_03
Revise,336738712562,11.76,T_001_E_021_04
Revise,336738712534,11.72,T_001_F_023_01
Revise,336738712579,12.32,T_001_F_023_02
Revise,336738712582,17.06,T_001_F_023_03
Revise,336738712581,11.70,T_001_F_023_04
Revise,336738712615,13.50,T_001_F_024_01
Revise,336738712573,14.08,T_001_F_024_02
Revise,336738712558,10.01,T_001_F_024_03
Revise,336738712608,10.01,T_001_F_024_04
Revise,336738712520,25.00,T_001_G_026_01
Revise,336738712529,11.55,T_001_G_026_02
Revise,336738712587,69.99,T_001_G_026_03
Revise,336738712540,12.24,T_001_G_026_04
Revise,336738712589,10.75,T_001_G_027_01
Revise,336738712543,12.10,T_001_G_027_02
Revise,336738712597,12.42,T_001_G_027_03
Revise,336738712588,14.58,T_001_G_027_04
Revise,336738712603,10.87,T_001_H_028_01
Revise,336738712592,110.00,T_001_H_028_02
Revise,336738712605,11.93,T_001_H_028_03
Revise,336738712565,11.06,T_001_H_028_04
Revise,336738712554,26.62,T_001_H_029_01
Revise,336738712524,13.04,T_001_H_029_02
Revise,336738712601,10.27,T_001_H_029_03
Revise,336738712577,10.12,T_001_H_029_04
Revise,336738712591,11.24,T_001_H_030_01
Revise,336738712583,10.07,T_001_H_030_02
Revise,336738712607,10.71,T_001_H_030_03
Revise,336738712598,11.30,T_001_H_030_04
Revise,336738712578,12.01,T_001_H_031_01
Revise,336738712533,11.27,T_001_H_031_02
Revise,336738712535,30.25,T_001_H_031_03
Revise,336738712595,11.86,T_001_H_031_04
Revise,336738712542,11.73,T_001_H_032_01
Revise,336738712611,22.74,T_001_H_032_02
Revise,336738712593,10.08,T_001_H_032_03
Revise,336738712531,11.30,T_001_H_032_04
Revise,336738712541,10.57,T_001_H_033_01
Revise,336738712539,10.11,T_001_H_033_02
Revise,336738712606,12.11,T_001_H_033_03
Revise,336738712604,10.21,T_001_H_033_04
Revise,336738712609,10.22,T_001_H_034_01
Revise,336738712596,11.32,T_001_H_034_02
Revise,336738712602,11.66,T_001_H_034_03
Revise,336738712610,10.25,T_001_H_034_04
