#INFO,Version=1.0.0,Template= eBay-active-revise-price-quantity-download_US,,,,,,,,,
Action,Category name,Item number,Title,Listing site,Currency,Start price,Buy It Now price,Available quantity,Relationship,Relationship details,Custom label (SKU)
Revise,"Planters Nuts (3894)","336407325771",Vintage Planters Mr Peanut Radio Display Figure,"US","USD","24.5",,"1",,,
Revise,"Vintage Computers & Mainframes (162075)","336422403113",Apple II Plus Computer w/ Dual Disk II Drives Sanyo Monitor VM4509 Untested,"US","USD","2499.0",,"1",,,
Revise,"Trading Card Lots (261329)","336442454602",1993 Upper Deck B.A.T. #133 Babe Ruth Lou Gehrig Triple Fold Pinstripe,"US","USD","2.0",,"1",,,
Revise,"Baseballs (50124)","336442463046",1996 World Series Yankees Braves Commemorative Baseball w/Cube Atlanta Fulton,"US","USD","29.99",,"1",,,
Revise,"Baseball-MLB (24410)","336442690367",1994 MLB All-Star Game Pittsburgh Pirates Fotoball Commemorative Baseball w/Case,"US","USD","23.0",,"1",,,
Revise,"Baseball-MLB (24410)","336442760669","1992 Upper Deck Authenticated Launch Event Baseball Mantle,Jackson,West & Magic","US","USD","155.0",,"1",,,
Revise,"M&M's (874)","336442782477",Air Force One M&M Boxes & Matchbooks George HW Bush White House Set,"US","USD","119.0",,"1",,,
Revise,"Paintings (551)","336458646893",Elaine Estern Original Watercolor Pair St John USVI Gallows Point + Reagan 2009,"US","USD","539.0",,"2",,,
Revise,"Other Diecast Racing Cars (45354)","336497725917",Tony Stewart #20 Home Depot Peanuts Halloween Diecast 1:24 NASCAR - not signed,"US","USD","59.99",,"1",,,
Revise,"Other Autographed NASCAR Items (2837)","336513304521",2003 Ryan Newman Signed 8x10 Alltel Racing Promo Card #12 Penske JSA LOA,"US","USD","49.99",,"1",,,
Revise,"Photos (27265)","336513329305",George Brett Frank White Auto Kansas City Royals 1993 Opening Day Newspaper JSA,"US","USD","209.99",,"1",,,
Revise,"Sealed Trading Card Cases (261036)","336537145379","POTUS 2025 Complete 10 Box Presidential Set Lincoln, Jackson, FDR, Nixon +6 more","US","USD","649.0",,"1",,,
Revise,"Sealed Trading Card Cases (261036)","336537176187","POTUS 2025 Complete 10 Box Set Presidential Relics: Adams, Reagan, Jackson + 7","US","USD","649.0",,"1",,,
Revise,"Baseball-MLB (24410)","336582361434",Fotoball 2001 World Series Yankees vs Diamondbacks MLB Souvenir Baseball,"US","USD","19.5",,"1",,,
Revise,"Trading Card Singles (261328)","336583541855",1911 T205 Fred Snodgrass NY Giants Hassan Tobacco Card – Original Deadball Era ,"US","USD","109.99",,"1",,,
Revise,"Balls (27260)","336632420001","Nolan Ryan signed OAL Baseball, no COA, with cube…mild toning…","US","USD","87.55",,"1",,,
Revise,"Ticket Stubs (50132)","336632443619","Alex Rodriquez 500 home run New York Original Unused Ticket Stub, KC Royals","US","USD","145.0",,"1",,,
Revise,"Trading Card Singles (261328)","336644346068",Cooper Flagg #124 2026-26 Topps Now Rookie Mavericks CGC 10 /Black,"US","USD","115.99",,"1",,,
Revise,"Trading Card Singles (261328)","336644351129",Cooper Flagg 2025-26 #11 RC CGC 10 Black Label Dallas Mavericks,"US","USD","128.0",,"1",,,
Revise,"Trading Card Singles (261328)","336644365954",Shohei Ohtani 2024 Topps ‘89 Topps Silver Pack Chrome #2T89C-1,"US","USD","49.95",,"1",,,
Revise,"Trading Card Singles (261328)","336644378138",Willie Jones Topps 1957 #174 Philadelphia Phillies CGC 5.5,"US","USD","44.0",,"1",,,
Revise,"Trading Card Singles (261328)","336644386215",Frank Smith 1954 Bowman #188 CGC 5.5 Cincinnati Reds,"US","USD","45.0",,"1",,,
Revise,"Football-NFL (206)","336697227214",Seattle Seahawks 25 Seasons Embroidered Anniversary Patch 1976-2000 Round 8cm,"US","USD","14.0",,"1",,,
Revise,"Baseball-MLB (24410)","336697240310",American League 100 Seasons Embroidered Anniversary Patch 1901-2000 MLB Licensed,"US","USD","14.99",,"1",,,
Revise,"Trading Card Singles (261328)","336697275063",1995 SkyBox E-Motion Cal Ripken Jr Promotional Sample Orioles Card,"US","USD","3.99",,"2",,,
Revise,"Trading Card Sets (261330)","336697305835",1995 Upper Deck SP Salute Die-Cut Complete 3-Card Set Ripken Ryan Brett,"US","USD","27.0",,"1",,,
Revise,"Plaques (64485)","336700794119",Kansas City Royals Game Used Turf Display 1985 World Series Era Kauffman Stadium,"US","USD","99.99",,"1",,,
Revise,"Trading Card Singles (261328)","336730278613",Smoky Burgess #432 1959 Topps Pittsburgh Pirates Vintage Baseball Card Low Grade,"US","USD","1.15",,"1",,,
Revise,"Trading Card Singles (261328)","336731941932",1971 Topps Football Pin-Ups #9 Jerry LeVias Houston Oilers,"US","USD","14.0",,"1",,,FBPU_0004
Revise,"Trading Card Singles (261328)","336731941933",1971 Topps Football Pin-Ups #23 Gene Washington Minnesota Vikings,"US","USD","14.0",,"1",,,FBPU_0001
Revise,"Trading Card Singles (261328)","336731941934",1971 Topps Football Pin-Ups #32 Larry Brown Washington Redskins,"US","USD","14.0",,"1",,,FBPU_0002
Revise,"Trading Card Singles (261328)","336731941936",1971 Topps Football Pin-Ups #9 Jerry LeVias Houston Oilers,"US","USD","14.0",,"1",,,FBPU_0003
Revise,"Trading Card Singles (261328)","336731941944",1971 Topps Football Pin-Ups #15 Jim Nance New England Patriots,"US","USD","14.0",,"1",,,FBPU_0005
Revise,"Trading Card Singles (261328)","336738712513",1994 Topps #356 Scott Ruffcorn Chicago White Sox,"US","USD","25.0",,"1",,,T_001_E_017_02
Revise,"Trading Card Singles (261328)","336738712514",1971 Topps Football Pin-Ups #9 Jerry LeVias Houston Oilers,"US","USD","25.0",,"1",,,FBPU_0003
Revise,"Trading Card Singles (261328)","336738712515",1994 Topps #67 Alex Gonzalez Toronto Blue Jays,"US","USD","25.0",,"1",,,T_001_E_021_03
Revise,"Trading Card Singles (261328)","336738712516",1971 Topps Football Pin-Ups #15 Jim Nance New England Patriots,"US","USD","25.0",,"1",,,FBPU_0005
Revise,"Trading Card Singles (261328)","336738712517",1971 Topps Football Pin-Ups #2 Andy Russell Pittsburgh Steelers,"US","USD","25.0",,"1",,,FBPU_0010
Revise,"Trading Card Singles (261328)","336738712518",1994 Topps #278 Calvin Reese Cincinnati Reds,"US","USD","25.0",,"1",,,T_001_E_017_03
Revise,"Trading Card Singles (261328)","336738712519",1994 Topps #791,"US","USD","25.0",,"1",,,MISC_001_B_0010_02
Revise,"Trading Card Singles (261328)","336738712520",1995 Topps Baseball #55 Edgar Martinez Seattle Mariners,"US","USD","25.0",,"1",,,T_001_G_026_01
Revise,"Trading Card Singles (261328)","336738712521",1994 Topps Baseball #385 Roberto Alomar Toronto Blue Jays,"US","USD","25.0",,"1",,,T_001_B_007_385
Revise,"Trading Card Singles (261328)","336738712522",1971 Topps Football Pin-Ups #23 Gene Washington Minnesota Vikings,"US","USD","25.0",,"1",,,FBPU_0001
Revise,"Trading Card Singles (261328)","336738712523",1994 Topps #605 Barry Bonds San Francisco Giants,"US","USD","25.0",,"1",,,T_001_D_015_01
Revise,"Trading Card Singles (261328)","336738712524",1994 Topps Baseball #769 Bob Hamelin Kansas City Royals,"US","USD","25.0",,"1",,,T_001_H_029_02
Revise,"Trading Card Singles (261328)","336738712525",1994 Topps #259 Cliff Floyd Montreal Expos,"US","USD","25.0",,"1",,,T_001_E_018_04
Revise,"Trading Card Singles (261328)","336738712526",1971 Topps Football Pin-Ups #3 Harold Jackson Philadelphia Eagles,"US","USD","25.0",,"1",,,FBPU_0009
Revise,"Trading Card Singles (261328)","336738712527",1994 Topps #97 Todd Jones Houston Astros,"US","USD","25.0",,"1",,,T_001_E_021_02
Revise,"Trading Card Singles (261328)","336738712528",1994 Collector's Choice Roberto Alomar; Frank Thomas Toronto Blue Jays; Chicago,"US","USD","25.0",,"1",,,MISC_001_B_0008_02
Revise,"Trading Card Singles (261328)","336738712529",1995 Topps Baseball #389 Tony Gwynn San Diego Padres,"US","USD","25.0",,"1",,,T_001_G_026_02
Revise,"Trading Card Singles (261328)","336738712530",1994 Topps #607 Kirby Puckett Minnesota Twins,"US","USD","25.0",,"1",,,T_001_D_015_02
Revise,"Trading Card Singles (261328)","336738712531",1994 Topps Baseball #763 John O'Donoghue Baltimore Orioles,"US","USD","25.0",,"1",,,T_001_H_032_04
Revise,"Trading Card Singles (261328)","336738712532",1994 Topps #601 Frank Thomas Chicago White Sox,"US","USD","25.0",,"1",,,T_001_D_015_04
Revise,"Trading Card Singles (261328)","336738712533",1994 Topps Baseball #789 Brian Johnson San Diego Padres,"US","USD","25.0",,"1",,,T_001_H_031_02
Revise,"Trading Card Singles (261328)","336738712534",1994 Topps Baseball #210 Kelly Wunsch Milwaukee Brewers,"US","USD","25.0",,"1",,,T_001_F_023_01
Revise,"Trading Card Singles (261328)","336738712535",1994 Topps Baseball #786 Kevin Foster Philadelphia Phillies,"US","USD","25.0",,"1",,,T_001_H_031_03
Revise,"Trading Card Singles (261328)","336738712536",1994 Topps #71 Rich Becker Minnesota Twins,"US","USD","25.0",,"1",,,T_001_E_020_03
Revise,"Trading Card Singles (261328)","336738712537",1971 Topps Football Pin-Ups #16 Bill Nelsen Cleveland Browns,"US","USD","25.0",,"1",,,FBPU_0007
Revise,"Trading Card Singles (261328)","336738712538",1994 Topps Baseball #387 Cal Ripken Baltimore Orioles,"US","USD","25.0",,"1",,,T_001_B_007_387
Revise,"Trading Card Singles (261328)","336738712539",1994 Topps Baseball #782 Gary Mota Houston Astros,"US","USD","25.0",,"1",,,T_001_H_033_02
Revise,"Trading Card Singles (261328)","336738712540",1995 Topps Baseball #100 Wade Boggs New York Yankees,"US","USD","25.0",,"1",,,T_001_G_026_04
Revise,"Trading Card Singles (261328)","336738712541",1994 Topps Baseball #784 Gabe White Montreal Expos,"US","USD","25.0",,"1",,,T_001_H_033_01
Revise,"Trading Card Singles (261328)","336738712542",1994 Topps Baseball Johnny Ruffin Cincinnati Reds,"US","USD","25.0",,"1",,,T_001_H_032_01
Revise,"Trading Card Singles (261328)","336738712543",1995 Topps Baseball #386 Matt Williams San Francisco Giants,"US","USD","25.0",,"1",,,T_001_G_027_02
Revise,"Trading Card Singles (261328)","336738712544",1993 The Upper Deck Looss Collection #WI 22 George Brett Kansas City Royals,"US","USD","25.0",,"1",,,MISC_001_C_0001_02
Revise,"Trading Card Singles (261328)","336738712545",1981 Topps Baseball #700 George Brett Kansas City Royals,"US","USD","25.0",,"1",,,MISC_001_C_0001_01
Revise,"Trading Card Singles (261328)","336738712546",1994 Topps #152 Ray McDavid San Diego Padres,"US","USD","25.0",,"1",,,T_001_E_020_01
Revise,"Trading Card Singles (261328)","336738712547",1994 Topps #167 Tim Davis Seattle Mariners,"US","USD","25.0",,"1",,,T_001_E_019_04
Revise,"Trading Card Singles (261328)","336738712548",1971 Topps Football Pin-Ups #19 Lance Alworth Dallas Cowboys,"US","USD","25.0",,"1",,,FBPU_0006
Revise,"Trading Card Singles (261328)","336738712549",1994 Topps #28 Tony Longmire Philadelphia Phillies,"US","USD","25.0",,"1",,,T_001_E_021_01
Revise,"Trading Card Singles (261328)","336738712550",1994 Topps Baseball #448 Greg Pirkl Seattle Mariners,"US","USD","25.0",,"1",,,T_001_A_003_448
Revise,"Trading Card Singles (261328)","336738712551",1971 Topps Football Pin-Ups #32 Larry Brown Washington Redskins,"US","USD","25.0",,"1",,,FBPU_0002
Revise,"Trading Card Singles (261328)","336738712552",1994 Stadium Club #0 Michael Barrow Houston Oilers,"US","USD","25.0",,"1",,,MISC_001_B_0008_01
Revise,"Trading Card Singles (261328)","336738712553",1993 Finest #53 Bret Saberhagen New York Mets,"US","USD","25.0",,"1",,,T_001_C_009_02
Revise,"Trading Card Singles (261328)","336738712554",1994 Topps Baseball #768 Danny Bautista Detroit Tigers,"US","USD","25.0",,"1",,,T_001_H_029_01
Revise,"Trading Card Singles (261328)","336738712555",1971 Topps Football Pin-Ups #9 Jerry LeVias Houston Oilers,"US","USD","25.0",,"1",,,FBPU_0004
Revise,"Trading Card Singles (261328)","336738712556",1994 Topps Baseball #384 Frank Thomas Chicago White Sox,"US","USD","25.0",,"1",,,T_001_B_007_384
Revise,"Trading Card Singles (261328)","336738712557",1994 Upper Deck Top Prospects #546 Johnny Damon Kansas City Royals,"US","USD","25.0",,"1",,,MISC_001_B_0011_02
Revise,"Trading Card Singles (261328)","336738712558",1994 Topps Baseball #741 Josue Estrada Montreal Expos,"US","USD","25.0",,"1",,,T_001_F_024_03
Revise,"Trading Card Singles (261328)","336738712559",1994 Upper Deck Top Prospects #542 Mike Bell Texas Rangers,"US","USD","25.0",,"1",,,MISC_001_B_0011_01
Revise,"Trading Card Singles (261328)","336738712560",1971 Topps Football Pin-Ups #14 Sam Brunelli Denver Broncos,"US","USD","25.0",,"1",,,FBPU_0008
Revise,"Trading Card Singles (261328)","336738712561",1994 Topps #53 Billy Ashley Los Angeles Dodgers,"US","USD","25.0",,"1",,,T_001_E_020_04
Revise,"Trading Card Singles (261328)","336738712562",1994 Topps Baseball #4 Paul Carey Baltimore Orioles,"US","USD","25.0",,"1",,,T_001_E_021_04
Revise,"Trading Card Singles (261328)","336738712563",1994 Topps Baseball #237 Curtis Pride Montreal Expos,"US","USD","25.0",,"1",,,T_001_A_003_237
Revise,"Trading Card Singles (261328)","336738712565",1994 Topps Baseball #777 Chipper Jones Atlanta Braves,"US","USD","25.0",,"1",,,T_001_H_028_04
Revise,"Trading Card Singles (261328)","336738712566",1971 Topps Football Pin-Ups #5 Fran Tarkenton New York Giants,"US","USD","25.0",,"1",,,FBPU_0012
Revise,"Trading Card Singles (261328)","336738712567",1994 Topps #792,"US","USD","25.0",,"1",,,MISC_001_B_0010_01
Revise,"Trading Card Singles (261328)","336738712568",1994 Topps #251 Jose Valentin Milwaukee Brewers,"US","USD","25.0",,"1",,,T_001_E_017_01
Revise,"Trading Card Singles (261328)","336738712569",1971 Topps Football Pin-Ups #8 Roman Gabriel Los Angeles Rams,"US","USD","25.0",,"1",,,FBPU_0014
Revise,"Trading Card Singles (261328)","336738712570",1994 Topps #363 Eric Helfand Oakland Athletics,"US","USD","25.0",,"1",,,T_001_E_019_02
Revise,"Trading Card Singles (261328)","336738712571",1971 Topps Football Pin-Ups #2 Andy Russell Pittsburgh Steelers,"US","USD","25.0",,"1",,,FBPU_0011
Revise,"Trading Card Singles (261328)","336738712572",1994 Topps Baseball #527 Norberto Martin Chicago White Sox,"US","USD","25.0",,"1",,,T_001_A_003_527
Revise,"Trading Card Singles (261328)","336738712573",1994 Topps Baseball #209 Billy Wagner Houston Astros,"US","USD","25.0",,"1",,,T_001_F_024_02
Revise,"Trading Card Singles (261328)","336738712574",1994 Topps #224 Danny Miceli Pittsburgh Pirates,"US","USD","25.0",,"1",,,T_001_E_020_02
Revise,"Trading Card Singles (261328)","336738712575",1993 Finest #177 Len Dykstra Philadelphia Phillies,"US","USD","25.0",,"1",,,T_001_C_009_03
Revise,"Trading Card Singles (261328)","336738712576",1993 Finest #190 Edgar Martinez Seattle Mariners,"US","USD","25.0",,"1",,,T_001_C_009_01
Revise,"Trading Card Singles (261328)","336738712577",1994 Topps Baseball #773 Kurt Abbott Oakland Athletics,"US","USD","25.0",,"1",,,T_001_H_029_04
Revise,"Trading Card Singles (261328)","336738712578",1994 Topps Baseball #787 Rich Aude Pittsburgh Pirates,"US","USD","25.0",,"1",,,T_001_H_031_01
Revise,"Trading Card Singles (261328)","336738712579",1994 Topps Baseball #208 Andy Rice Pittsburgh Pirates,"US","USD","25.0",,"1",,,T_001_F_023_02
Revise,"Trading Card Singles (261328)","336738712580",1994 Topps #179 Butch Huskey New York Mets,"US","USD","25.0",,"1",,,T_001_E_019_03
Revise,"Trading Card Singles (261328)","336738712581",1994 Topps Baseball #206 Jeremy Lee Toronto Blue Jays,"US","USD","25.0",,"1",,,T_001_F_023_04
Revise,"Trading Card Singles (261328)","336738712582",1994 Topps Baseball #205 Brooks Kieschnick Chicago Cubs,"US","USD","25.0",,"1",,,T_001_F_023_03
Revise,"Trading Card Singles (261328)","336738712583",1994 Topps Baseball #790 Rikkert Faneyte San Francisco Giants,"US","USD","25.0",,"1",,,T_001_H_030_02
Revise,"Trading Card Singles (261328)","336738712584",1994 Topps Baseball #386 Wade Boggs New York Yankees,"US","USD","25.0",,"1",,,T_001_B_007_386
Revise,"Trading Card Singles (261328)","336738712585",1993 Finest #145 Jose Guzman Chicago Cubs,"US","USD","25.0",,"1",,,T_001_C_009_04
Revise,"Trading Card Singles (261328)","336738712586",1994 Collector's Choice #632 Barry Bonds San Francisco Giants,"US","USD","25.0",,"1",,,MISC_001_B_0009_01
Revise,"Trading Card Singles (261328)","336738712587",1995 Topps Baseball #80 Rafael Palmeiro Baltimore Orioles,"US","USD","25.0",,"1",,,T_001_G_026_03
Revise,"Trading Card Singles (261328)","336738712588",1994 Topps Baseball #7 Frank Thomas Chicago White Sox,"US","USD","25.0",,"1",,,T_001_G_027_04
Revise,"Trading Card Singles (261328)","336738712589",1995 Topps Baseball #119 Jeff Montgomery Kansas City Royals,"US","USD","25.0",,"1",,,T_001_G_027_01
Revise,"Trading Card Singles (261328)","336738712590",1994 Topps #329 Matt Walbeck Chicago Cubs,"US","USD","25.0",,"1",,,T_001_E_019_01
Revise,"Trading Card Singles (261328)","336738712591",1994 Topps Baseball #771 Denny Hocking Minnesota Twins,"US","USD","25.0",,"1",,,T_001_H_030_01
Revise,"Trading Card Singles (261328)","336738712592",1994 Topps Baseball #765 Mark Holzemer California Angels,"US","USD","25.0",,"1",,,T_001_H_028_02
Revise,"Trading Card Singles (261328)","336738712593",1994 Topps Baseball #774 Kevin King Seattle Mariners,"US","USD","25.0",,"1",,,T_001_H_032_03
Revise,"Trading Card Singles (261328)","336738712594",1994 Topps #341 Nigel Wilson Florida Marlins,"US","USD","25.0",,"1",,,T_001_E_017_04
Revise,"Trading Card Singles (261328)","336738712595",1994 Topps Baseball #788 Brian Barber St. Louis Cardinals,"US","USD","25.0",,"1",,,T_001_H_031_04
Revise,"Trading Card Singles (261328)","336738712596",1994 Topps Baseball #776 Domingo Cedeno Toronto Blue Jays,"US","USD","25.0",,"1",,,T_001_H_034_02
Revise,"Trading Card Singles (261328)","336738712597",1995 Topps Baseball #310 Ruben Sierra Oakland Athletics,"US","USD","25.0",,"1",,,T_001_G_027_03
Revise,"Trading Card Singles (261328)","336738712598",1994 Topps Baseball #772 Russ Davis New York Yankees,"US","USD","25.0",,"1",,,T_001_H_030_04
Revise,"Trading Card Singles (261328)","336738712599",1994 Topps Baseball #389 Luis Ortiz Boston Red Sox,"US","USD","25.0",,"1",,,T_001_A_003_389
Revise,"Trading Card Singles (261328)","336738712600",1995 Topps #130T Lyle Mouton; Mariano Rivera Chicago White Sox; New York Yankees,"US","USD","25.0",,"1",,,MISC_001_B_0009_02
Revise,"Trading Card Singles (261328)","336738712601",1994 Topps Baseball #770 Mark Kiefer Milwaukee Brewers,"US","USD","25.0",,"1",,,T_001_H_029_03
Revise,"Trading Card Singles (261328)","336738712602",1994 Topps Baseball #778 Steve Trachsel Chicago Cubs,"US","USD","25.0",,"1",,,T_001_H_034_03
Revise,"Trading Card Singles (261328)","336738712603",1994 Topps Baseball #767 Jerry DiPoto Cleveland Indians,"US","USD","25.0",,"1",,,T_001_H_028_01
Revise,"Trading Card Singles (261328)","336738712604",1994 Topps Baseball #781 Carl Everett Florida Marlins,"US","USD","25.0",,"1",,,T_001_H_033_04
Revise,"Trading Card Singles (261328)","336738712605",1994 Topps Baseball #766 James Baldwin Chicago White Sox,"US","USD","25.0",,"1",,,T_001_H_028_03
Revise,"Trading Card Singles (261328)","336738712606",1994 Topps Baseball #783 Raul Mondesi Los Angeles Dodgers,"US","USD","25.0",,"1",,,T_001_H_033_03
Revise,"Trading Card Singles (261328)","336738712607",1994 Topps Baseball #764 Cory Bailey Boston Red Sox,"US","USD","25.0",,"1",,,T_001_H_030_03
Revise,"Trading Card Singles (261328)","336738712608",1994 Topps Baseball #201 Mike Bell Texas Rangers,"US","USD","25.0",,"1",,,T_001_F_024_04
Revise,"Trading Card Singles (261328)","336738712609",1994 Topps Baseball #785 Brook Fordyce New York Mets,"US","USD","25.0",,"1",,,T_001_H_034_01
Revise,"Trading Card Singles (261328)","336738712610",1994 Topps Baseball #780 Jason Bates Colorado Rockies,"US","USD","25.0",,"1",,,T_001_H_034_04
Revise,"Trading Card Singles (261328)","336738712611",1994 Topps Baseball #775 Jon Shave Texas Rangers,"US","USD","25.0",,"1",,,T_001_H_032_02
Revise,"Trading Card Singles (261328)","336738712613",1994 Topps #603 Wade Boggs New York Yankees,"US","USD","25.0",,"1",,,T_001_D_015_03
Revise,"Trading Card Singles (261328)","336738712615",1994 Topps Baseball #207 Charles Peterson Pittsburgh Pirates,"US","USD","25.0",,"1",,,T_001_F_024_01
Revise,"Trading Card Singles (261328)","336738712616",1971 Topps Football Pin-Ups #11 Bob Hayes Dallas Cowboys,"US","USD","25.0",,"1",,,FBPU_0013
Revise,"Paintings (551)","336739652329",Rudy Bostic Folk Paintings Pair 1993 1994 Barrel lid 19.5” Signed Outsider,"US","USD","45.4",,"1",,,